id,conversation_id,created_at,date,time,timezone,user_id,username,name,place,tweet,language,mentions,urls,photos,replies_count,retweets_count,likes_count,hashtags,cashtags,link,retweet,quote_url,video,thumbnail,near,geo,source,user_rt_id,user_rt,retweet_id,reply_to,retweet_date,translate,trans_src,trans_dest
868980200108961792,868980200108961792,2017-05-28 18:59:59 Central Daylight Time,2017-05-28,18:59:59,-0500,22450168,daraquilty,Dara Quilty,,Playing in Brooklyn tonight! @petescandystore @Apella https://t.co/ebTfjHTyZO,en,"['petescandystore', 'apella']",['http://youtube.com/apella'],[],0,0,6,[],[],https://twitter.com/daraquilty/status/868980200108961792,,,0,,NYC,,,,,,"{'user_id': None, 'username': None}",,,,
868980186745851904,868980186745851904,2017-05-28 18:59:56 Central Daylight Time,2017-05-28,18:59:56,-0500,3398111195,weareicenyc,ICE NYC,"{'type': 'Point', 'coordinates': [40.75994, -73.96299]}","Post-Murph, anyone? üòÇüí™ #weareicenyc @ ICE NYC Upper East Side https://t.co/JuOnJVR7V3",en,[],['https://www.instagram.com/p/BUp8TPtgsaZ/'],[],0,0,0,['weareicenyc'],[],https://twitter.com/weareicenyc/status/868980186745851904,,,0,,NYC,,,,,,"{'user_id': None, 'username': None}",,,,
868980186045456385,868980186045456385,2017-05-28 18:59:55 Central Daylight Time,2017-05-28,18:59:55,-0500,37801344,bebbes,SYLVIA J,"{'type': 'Point', 'coordinates': [40.9415, -73.8644]}","#truthaboutme @ Yonkers, New York https://t.co/AiW206eKOQ",en,[],['https://www.instagram.com/p/BUp8S8_l6bb/'],[],0,0,0,['truthaboutme'],[],https://twitter.com/BEBBES/status/868980186045456385,,,0,,NYC,,,,,,"{'user_id': None, 'username': None}",,,,
868980182371192833,868913245545005057,2017-05-28 18:59:55 Central Daylight Time,2017-05-28,18:59:55,-0500,3070490349,tinsoldiere,Tin Soldier,,@lindipops1001 @mcmeechanfamily @erasureinfo No worries. I got 'em all now. Cheers for the tip. ;^) #sleuthing,en,"['lindipops1001', 'mcmeechanfamily', 'erasureinfo']",[],[],0,0,1,['sleuthing'],[],https://twitter.com/TinSoldiere/status/868980182371192833,,,0,,NYC,,,,,,"{'user_id': '349342665', 'username': 'lindipops1001'}",,,,
868980158320984065,868980158320984065,2017-05-28 18:59:49 Central Daylight Time,2017-05-28,18:59:49,-0500,38858301,krm9,Miller Lite,"{'type': 'Point', 'coordinates': [40.82954, -73.92645]}",Perfect Sunday for a game at the Stadium with my favorite girl ‚öæÔ∏è @ Yankee Stadium https://t.co/teRFj4iMrF,en,[],['https://www.instagram.com/p/BUp8SYhBmte/'],[],0,0,0,[],[],https://twitter.com/KRM9/status/868980158320984065,,,0,,NYC,,,,,,"{'user_id': None, 'username': None}",,,,
868980153224921088,868980153224921088,2017-05-28 18:59:48 Central Daylight Time,2017-05-28,18:59:48,-0500,238131485,eutite,Ethamin Tite‚úí,,Putain derni√®re nuit √† New-York... J'ai pas envie de rentrer putain !!!,fr,[],[],[],2,0,6,[],[],https://twitter.com/eutite/status/868980153224921088,,,0,,NYC,,,,,,"{'user_id': None, 'username': None}",,,,
868980153086607360,868980153086607360,2017-05-28 18:59:48 Central Daylight Time,2017-05-28,18:59:48,-0500,252326785,rusdaboss,Rus Khomutoff,,@ladyjaggar Appreciate the follow!,en,['ladyjaggar'],[],[],0,0,0,[],[],https://twitter.com/rusdaboss/status/868980153086607360,,,0,,NYC,,,,,,"{'user_id': None, 'username': None}",,,,
868980133515997184,868980133515997184,2017-05-28 18:59:43 Central Daylight Time,2017-05-28,18:59:43,-0500,27579553,mrvoodooray,Voodoo Ray,"{'type': 'Point', 'coordinates': [40.58306, -73.98268]}",Awesome event.. Take a look.. @ Coney Art Walls https://t.co/akmzX0IaC0,en,[],['https://www.instagram.com/p/BUp8Oc2lA7r/'],[],0,0,0,[],[],https://twitter.com/MrVoodooRay/status/868980133515997184,,,0,,NYC,,,,,,"{'user_id': None, 'username': None}",,,,
868980130265300993,868980130265300993,2017-05-28 18:59:42 Central Daylight Time,2017-05-28,18:59:42,-0500,928212156,educated_negro_,Byron J,"{'type': 'Point', 'coordinates': [40.76286047, -73.97361733]}",Dorothy from the Wizard of Oz vibes üí• @ Saint Laurent Paris https://t.co/BVWPVMiFNL,en,[],['https://www.instagram.com/p/BUp8CPQnCAZ/'],[],0,0,0,[],[],https://twitter.com/educated_negro_/status/868980130265300993,,,0,,NYC,,,,,,"{'user_id': None, 'username': None}",,,,
868980129489453057,868980129489453057,2017-05-28 18:59:42 Central Daylight Time,2017-05-28,18:59:42,-0500,310471527,nycveterans,NYC Department of Veterans' Services,,The Department of Veterans' Services sends its condolences to the @USNavy and the U.S Navy SEAL's family and friends. #FleetWeekNYC https://t.co/01V9C0xalf,en,['usnavy'],['https://twitter.com/usnavy/status/868943572778852352'],[],0,6,4,['fleetweeknyc'],[],https://twitter.com/nycveterans/status/868980129489453057,,https://twitter.com/usnavy/status/868943572778852352,0,,NYC,,,,,,"{'user_id': None, 'username': None}",,,,
868980120345858050,868980120345858050,2017-05-28 18:59:40 Central Daylight Time,2017-05-28,18:59:40,-0500,32807984,mrmoda,St. HAllAMODA -the Fashion.,"{'type': 'Point', 'coordinates': [40.65, -73.95]}","She Said I Don't Take Her Out Enough. Prey For Me.
#HAllAMODA
#QASQUIAT
#SHEIPHAN‚Ä¶ https://t.co/boQJqL5XQx",en,[],['https://www.instagram.com/p/BUp8QwglZSk/'],[],0,0,0,"['hallamoda', 'qasquiat', 'sheiphan']",[],https://twitter.com/MrModa/status/868980120345858050,,,0,,NYC,,,,,,"{'user_id': None, 'username': None}",,,,
868980116390596613,868980116390596613,2017-05-28 18:59:39 Central Daylight Time,2017-05-28,18:59:39,-0500,48388966,chajax,Millard Silvernale,,I want to make a bad tweet so I can get dunked on by all of Twitter,en,[],[],[],0,0,0,[],[],https://twitter.com/chajax/status/868980116390596613,,,0,,NYC,,,,,,"{'user_id': None, 'username': None}",,,,
868980110585733120,868980110585733120,2017-05-28 18:59:37 Central Daylight Time,2017-05-28,18:59:37,-0500,2904959530,bella_vita718,#DogeMother Bella Vitaüêæüáµüá∑,,Few more hours left in this shit place! Gimme strength!!!üò©,en,[],[],[],0,0,0,[],[],https://twitter.com/Bella_Vita718/status/868980110585733120,,,0,,NYC,,,,,,"{'user_id': None, 'username': None}",,,,
868980083817684994,868980083817684994,2017-05-28 18:59:31 Central Daylight Time,2017-05-28,18:59:31,-0500,128627948,eddyg1official,Edwin Gomez,"{'type': 'Point', 'coordinates': [40.6721, -74.21366]}",AND WE HAVE THE HEAT READY TO GO INCASE IT GETS CHILLY @ Barcode New Jersey https://t.co/GePbG1Fizg,en,[],['https://www.instagram.com/p/BUp8QRDgDS5/'],[],0,0,0,[],[],https://twitter.com/eddyg1official/status/868980083817684994,,,0,,NYC,,,,,,"{'user_id': None, 'username': None}",,,,
868980081204637696,868980081204637696,2017-05-28 18:59:30 Central Daylight Time,2017-05-28,18:59:30,-0500,2893789941,surprisemypet,Surprise My Pet,"{'type': 'Point', 'coordinates': [40.75839, -73.98644]}",Best friends cuddle on weekends. #catstagram #catgift #cats #cat #dog #dogs #doggift #dogtoys‚Ä¶ https://t.co/rqB1BvbsQe,en,[],['https://www.instagram.com/p/BUp8P4Zln5R/'],[],0,1,4,"['catstagram', 'catgift', 'cats', 'cat', 'dog', 'dogs', 'doggift', 'dogtoys']",[],https://twitter.com/SurpriseMyPet/status/868980081204637696,,,0,,NYC,,,,,,"{'user_id': None, 'username': None}",,,,
868980077438140416,868980077438140416,2017-05-28 18:59:29 Central Daylight Time,2017-05-28,18:59:29,-0500,325069150,fashionoverswag,mermaid,,"all I need is a partner to play spades with the cards up, ALL TRUST.",en,[],[],[],0,0,1,[],[],https://twitter.com/fashionOVERswag/status/868980077438140416,,,0,,NYC,,,,,,"{'user_id': None, 'username': None}",,,,
868980075517145088,868980075517145088,2017-05-28 18:59:29 Central Daylight Time,2017-05-28,18:59:29,-0500,113242685,artificialnix,nix,,If I had known I'd get checks from Big Pharma I sure as hell wouldn't have waited until 27 to transition! https://t.co/mk4Jpb3Fbc,en,[],['https://twitter.com/smartassjen/status/868978069763006465'],[],0,0,6,[],[],https://twitter.com/artificialnix/status/868980075517145088,,0,0,,NYC,,,,,,"{'user_id': None, 'username': None}",,,,
868980070639120384,868980070639120384,2017-05-28 18:59:28 Central Daylight Time,2017-05-28,18:59:28,-0500,79397413,chazisgod,Chaz PsyKoticz,,"Lawl, why you sleep like that?  No joke, he's sleeping between‚Ä¶ https://t.co/94W3LzIH65",en,[],['https://www.instagram.com/p/BUp8P2wAFzt/'],[],0,0,0,[],[],https://twitter.com/CHAZisGOD/status/868980070639120384,,,0,,NYC,,,,,,"{'user_id': None, 'username': None}",,,,
868980030386429952,868980030386429952,2017-05-28 18:59:18 Central Daylight Time,2017-05-28,18:59:18,-0500,2557633098,sshay__,Mekaü§ç,,Hmm look at those rolls üíÄüíÄüíÄ https://t.co/E5sJ1tYlC7,en,[],['https://twitter.com/watchjazzyy/status/868929316519788544'],[],0,0,0,[],[],https://twitter.com/sshay__/status/868980030386429952,,0,0,,NYC,,,,,,"{'user_id': None, 'username': None}",,,,
868980013277863937,868980013277863937,2017-05-28 18:59:14 Central Daylight Time,2017-05-28,18:59:14,-0500,285665917,erichyertko,Eric Hyer,,Awesome #NYC training with @Owain1990 @nataliem115 #Bazujka &amp; Sofie! 4 weeks out!! @law_mma #Kickboxen #Muaythai #Brooklyn #FortGreenesteps https://t.co/adR0NVHN0G,en,"['owain1990', 'nataliem115', 'law_mma']",[],['https://pbs.twimg.com/media/DA88tbzXYAM_GS9.jpg'],0,0,3,"['nyc', 'bazujka', 'kickboxen', 'muaythai', 'brooklyn', 'fortgreenesteps']",[],https://twitter.com/erichyertko/status/868980013277863937,,,1,https://pbs.twimg.com/media/DA88tbzXYAM_GS9.jpg,NYC,,,,,,"{'user_id': None, 'username': None}",,,,
868979993237495811,868979993237495811,2017-05-28 18:59:09 Central Daylight Time,2017-05-28,18:59:09,-0500,101120125,embull1,Emma Bullock,"{'type': 'Point', 'coordinates': [40.7142, -74.0064]}",Cheers to Memorial Day weekend and moving back to the city tomorrow for a killer summerüçªüíû (p.s.‚Ä¶ https://t.co/hh3zWFjnhb,en,[],['https://www.instagram.com/p/BUp8NjbjIPH/'],[],0,0,0,[],[],https://twitter.com/embull1/status/868979993237495811,,,0,,NYC,,,,,,"{'user_id': None, 'username': None}",,,,
868979988439093248,868979988439093248,2017-05-28 18:59:08 Central Daylight Time,2017-05-28,18:59:08,-0500,318211474,hashtagveegie,nate hawbaker üçã,,"üóø
#rockefellercenter #newyork https://t.co/P487W6CvD9",und,[],[],['https://pbs.twimg.com/media/DA88rfdUwAAtrBg.jpg'],0,0,1,"['rockefellercenter', 'newyork']",[],https://twitter.com/HashtagVeegie/status/868979988439093248,,,1,https://pbs.twimg.com/media/DA88rfdUwAAtrBg.jpg,NYC,,,,,,"{'user_id': None, 'username': None}",,,,
868979980587474945,868970403716268032,2017-05-28 18:59:06 Central Daylight Time,2017-05-28,18:59:06,-0500,231938447,jeremyr1992,Jeremy Rosenberg,,"@Iceburgslim60 @SiriusMatdj @thehill Robert, it's only truth if it's pro-Trump, didn't you know?",en,"['iceburgslim60', 'siriusmatdj', 'thehill']",[],[],0,0,0,[],[],https://twitter.com/JeremyR1992/status/868979980587474945,,,0,,NYC,,,,,,"{'user_id': None, 'username': None}",,,,
868979975361368064,868979975361368064,2017-05-28 18:59:05 Central Daylight Time,2017-05-28,18:59:05,-0500,33500104,thenotoriousnez,TheRealNotoriousNez,,With these lames https://t.co/NSZiWEbZdq,en,[],[],['https://pbs.twimg.com/media/DA88rM6U0AEJKuG.jpg'],0,0,0,[],[],https://twitter.com/TheNotoriousNez/status/868979975361368064,,,1,https://pbs.twimg.com/media/DA88rM6U0AEJKuG.jpg,NYC,,,,,,"{'user_id': None, 'username': None}",,,,
868979967392088064,868979967392088064,2017-05-28 18:59:03 Central Daylight Time,2017-05-28,18:59:03,-0500,16659676,writesaidsarah,Sarah Avampato,"{'type': 'Point', 'coordinates': [40.71555, -73.99028]}",Made some new friends today at @meowparlour @ Meow Parlour https://t.co/984yCvdc4Z,en,['meowparlour'],['https://www.instagram.com/p/BUp8MxTgEJR/'],[],1,0,1,[],[],https://twitter.com/WriteSaidSarah/status/868979967392088064,,,0,,NYC,,,,,,"{'user_id': None, 'username': None}",,,,
868979964884004864,868979964884004864,2017-05-28 18:59:03 Central Daylight Time,2017-05-28,18:59:03,-0500,116256850,twanoniem_bot,Anonymous,"{'type': 'Point', 'coordinates': [40.664167, -73.938611]}","@foxyisgekje She's got no mercy for the soldiers No mercy for the king or chief ;)
(via @Twanoniem)",en,['twanoniem'],[],[],1,3,2,[],[],https://twitter.com/twanoniem_bot/status/868979964884004864,,,0,,NYC,,,,,,"{'user_id': '3348686764', 'username': 'idkwhatthiisso1'}",,,,
868979941228019712,868979941228019712,2017-05-28 18:58:57 Central Daylight Time,2017-05-28,18:58:57,-0500,1416484418,pkesquire,PK Kersey,"{'type': 'Point', 'coordinates': [40.7142, -74.0064]}","PK3 @ New York, New York https://t.co/XbqMd3OAYL",en,[],['https://www.instagram.com/p/BUp8MG0gQtx/'],[],0,1,0,[],[],https://twitter.com/pkesquire/status/868979941228019712,,,0,,NYC,,,,,,"{'user_id': None, 'username': None}",,,,
868979933439299585,868979933439299585,2017-05-28 18:58:55 Central Daylight Time,2017-05-28,18:58:55,-0500,371679089,willbrahm,Will Brahm,,Downtime - Brooklyn - songwriting - #justpassingthrough üñ§ https://t.co/WoWwKWSYcW,en,[],[],[],0,0,0,['justpassingthrough'],[],https://twitter.com/WillBrahm/status/868979933439299585,,,1,https://pbs.twimg.com/ext_tw_video_thumb/868978781746192384/pu/img/34n-9StqHB-CiMCK.jpg,NYC,,,,,,"{'user_id': None, 'username': None}",,,,
868979929354039298,868979929354039298,2017-05-28 18:58:54 Central Daylight Time,2017-05-28,18:58:54,-0500,2819182815,jpatanio,Jackie Patanio,,Implementing Classroom Technology: Download the Free e-Book https://t.co/Oui2Z3Jkqx via @Smart_Tech #edtech #edtechchat,en,['smart_tech'],['http://edblog.smarttech.com/2016/11/implementing-classroom-technology-ebook/'],[],0,6,13,"['edtech', 'edtechchat']",[],https://twitter.com/JPatanio/status/868979929354039298,,,0,,NYC,,,,,,"{'user_id': None, 'username': None}",,,,
868979923645583360,868979923645583360,2017-05-28 18:58:53 Central Daylight Time,2017-05-28,18:58:53,-0500,4262654957,verosoze,Vero Soze,,"Bury ur body in concrete,all the way deep so I can't see ur feet,get rid of it at night gotta be discreet,neva say shit not even a peep",en,[],[],[],0,0,0,[],[],https://twitter.com/verosoze/status/868979923645583360,,,0,,NYC,,,,,,"{'user_id': None, 'username': None}",,,,
868979923469422593,868979923469422593,2017-05-28 18:58:53 Central Daylight Time,2017-05-28,18:58:53,-0500,18791723,cbarrows,Chris Barrows (he/him),,@Zonozi in case you needed some inspiration https://t.co/P2R5IKbDjS,en,['zonozi'],['http://social.diply.com/awkward-engagement-photos?utm_source=facebook&utm_medium=batdad'],[],0,0,1,[],[],https://twitter.com/CBarrows/status/868979923469422593,,,0,,NYC,,,,,,"{'user_id': '17562737', 'username': 'Zonozi'}",,,,
868979923322404865,868979923322404865,2017-05-28 18:58:53 Central Daylight Time,2017-05-28,18:58:53,-0500,380015143,nicolecarangelo,nicole,"{'type': 'Point', 'coordinates': [40.7358, -74.0036]}","new city, who dis? @ West Village https://t.co/6fhn1gVxmn",en,[],['https://www.instagram.com/p/BUpGXdShTZF/'],[],0,0,1,[],[],https://twitter.com/NicoleCarangelo/status/868979923322404865,,,0,,NYC,,,,,,"{'user_id': None, 'username': None}",,,,
868979905589121024,868973652309663744,2017-05-28 18:58:49 Central Daylight Time,2017-05-28,18:58:49,-0500,188304721,who_is_chuck,MetroChuck,,@Baep @Cloud9SBFC Welcome! #WeWillStandAsOne,en,"['baep', 'cloud9sbfc']",[],[],0,0,1,['wewillstandasone'],[],https://twitter.com/Who_is_Chuck/status/868979905589121024,,,0,,NYC,,,,,,"{'user_id': '26752048', 'username': 'Baep'}",,,,
868979898806882305,868979898806882305,2017-05-28 18:58:47 Central Daylight Time,2017-05-28,18:58:47,-0500,14278608,originalspin,Jeff Yang,,And Booker disqualifies himself as a presidential candidate. https://t.co/ErHrVHsgy6,en,[],['https://twitter.com/jaketapper/status/868878055246352384'],[],9,24,65,[],[],https://twitter.com/originalspin/status/868979898806882305,,https://twitter.com/jaketapper/status/868878055246352384,0,,NYC,,,,,,"{'user_id': None, 'username': None}",,,,
868979875834716160,868979875834716160,2017-05-28 18:58:41 Central Daylight Time,2017-05-28,18:58:41,-0500,3318354695,kickitoldschool,Old School Radio üìªüéß,,@latimes: Gregg Allman was the voice and face of Southern rock https://t.co/iVQl1Y7ILG,en,['latimes'],['http://fw.to/cwvRapJ'],[],0,1,2,[],[],https://twitter.com/kickitoldschool/status/868979875834716160,,,0,,NYC,,,,,,"{'user_id': '16664681', 'username': 'latimes'}",,,,
868979864921153537,868979864921153537,2017-05-28 18:58:39 Central Daylight Time,2017-05-28,18:58:39,-0500,838636106,dursojp,joe d'urso,,@KimStrassel describing trumps hate speech as just being blunt is like saying bill Cosby was just being charming. GET REAL,en,['kimstrassel'],[],[],0,0,0,[],[],https://twitter.com/dursojp/status/868979864921153537,,,0,,NYC,,,,,,"{'user_id': '384910109', 'username': 'KimStrassel'}",,,,
868979860257071104,868979860257071104,2017-05-28 18:58:38 Central Daylight Time,2017-05-28,18:58:38,-0500,1536849494,beeeangelique,Bianca ‚ù§Ô∏è‚Äçüî•,,Like controlla üòã https://t.co/HrtBTlddTB,en,[],[],[],0,2,1,[],[],https://twitter.com/beeeangelique/status/868979860257071104,,,1,https://pbs.twimg.com/ext_tw_video_thumb/868979814383923201/pu/img/8krMqKwqgZ-y-pI0.jpg,NYC,,,,,,"{'user_id': None, 'username': None}",,,,
868979854821269504,868979854821269504,2017-05-28 18:58:36 Central Daylight Time,2017-05-28,18:58:36,-0500,797997286466916353,justbrittrenee,B.Renee ‚ú®‚ú®,,Been home for a few hours and my grandma already started asking about my relationship status. #WelcomeHomeBritt,en,[],[],[],0,0,0,['welcomehomebritt'],[],https://twitter.com/JustBrittRenee/status/868979854821269504,,,0,,NYC,,,,,,"{'user_id': None, 'username': None}",,,,
868979847095365632,868979847095365632,2017-05-28 18:58:35 Central Daylight Time,2017-05-28,18:58:35,-0500,961593648,hantheban36,Hannah ‚ú®team everyone trans and angieria‚ú®,,winter green for miss congeniality,en,[],[],[],0,1,2,[],[],https://twitter.com/HanTheBan36/status/868979847095365632,,,0,,NYC,,,,,,"{'user_id': None, 'username': None}",,,,
868979846814281728,868937060413034501,2017-05-28 18:58:35 Central Daylight Time,2017-05-28,18:58:35,-0500,1729630836,aoiferocksitout,üíñüíÑ Aoife ‚ôøüíú,,"@Clay_57 @BreannaBreeze1 Are you sure they aren't magical? I've never seen one of these sandwich chains,but I'm guessing it's better than Subway.",en,"['clay_57', 'breannabreeze1']",[],[],1,0,1,[],[],https://twitter.com/Aoiferocksitout/status/868979846814281728,,,0,,NYC,,,,,,"{'user_id': '38475879', 'username': 'Clay_57'}",,,,
868979844004098048,868979844004098048,2017-05-28 18:58:34 Central Daylight Time,2017-05-28,18:58:34,-0500,17662180,aldouva,AldoUva,,"#francescototti Fantastici anni di qualit√† e passione, di classe e semplicit√†! Da noi juventini un immenso ...Grazie Francesco !",it,[],[],[],0,0,0,['francescototti'],[],https://twitter.com/AldoUva/status/868979844004098048,,,0,,NYC,,,,,,"{'user_id': None, 'username': None}",,,,
868979827633770498,868979264577732608,2017-05-28 18:58:30 Central Daylight Time,2017-05-28,18:58:30,-0500,231938447,jeremyr1992,Jeremy Rosenberg,,@voices4hillary Trump's a weakling in every sense of the word. Period.,en,['voices4hillary'],[],[],0,0,1,[],[],https://twitter.com/JeremyR1992/status/868979827633770498,,,0,,NYC,,,,,,"{'user_id': '4354153941', 'username': 'voices4hillary'}",,,,
868979813536727040,868979813536727040,2017-05-28 18:58:27 Central Daylight Time,2017-05-28,18:58:27,-0500,110466097,russonpolitics,Russell Drew,,"‚ÄòHe has no intention of going away‚Äô: Trump biographers warn he‚Äôd ‚Äòlike to be president for life."" Frightening. https://t.co/88Tc9tArB2 https://t.co/l5WqYVBgXb",en,[],['http://www.rawstory.com/2017/05/he-has-no-intention-of-going-away-trump-biographers-warn-hed-like-to-be-president-for-life/'],['https://pbs.twimg.com/media/DA88X-2XUAAWJ3D.jpg'],1,4,5,[],[],https://twitter.com/RussOnPolitics/status/868979813536727040,,,1,https://pbs.twimg.com/media/DA88X-2XUAAWJ3D.jpg,NYC,,,,,,"{'user_id': None, 'username': None}",,,,
868979806221860864,868979806221860864,2017-05-28 18:58:25 Central Daylight Time,2017-05-28,18:58:25,-0500,60047869,kisses_x0x0,bigdogg üíïüïä,,Why tf they got fake backwoods ? Like fr üòÇüòÇ,en,[],[],[],0,1,0,[],[],https://twitter.com/Kisses_X0X0/status/868979806221860864,,,0,,NYC,,,,,,"{'user_id': None, 'username': None}",,,,
868979805743702016,868979805743702016,2017-05-28 18:58:25 Central Daylight Time,2017-05-28,18:58:25,-0500,353941519,azael18a,ŒõZŒõŒ£·ÑÇ ‚ú™,,Turismo Kamikaze. https://t.co/9NUcug42D9,tl,[],['https://twitter.com/easvat/status/868636146464686080'],[],0,1,4,[],[],https://twitter.com/Azael18A/status/868979805743702016,,https://twitter.com/easvat/status/868636146464686080,0,,NYC,,,,,,"{'user_id': None, 'username': None}",,,,
868979772105347072,868964971840929792,2017-05-28 18:58:17 Central Daylight Time,2017-05-28,18:58:17,-0500,834088797985964032,tonyg04456745,Tonyg,,@PrisonPlanet this world needs to set some priorities. They dont know what the hell there doing. Gave more credit to Scandinavia i was wrong,en,['prisonplanet'],[],[],0,0,0,[],[],https://twitter.com/Tonyg04456745/status/868979772105347072,,,0,,NYC,,,,,,"{'user_id': '18643437', 'username': 'PrisonPlanet'}",,,,
868979760235413506,868979760235413506,2017-05-28 18:58:14 Central Daylight Time,2017-05-28,18:58:14,-0500,2867404844,iamdadon,chaos twin.,,stop it  omg. https://t.co/v88WZJLTfL,en,[],['https://twitter.com/jessenumba2/status/868682114425860096'],[],0,0,0,[],[],https://twitter.com/iamdaDON/status/868979760235413506,,0,0,,NYC,,,,,,"{'user_id': None, 'username': None}",,,,
868979745379274754,868979745379274754,2017-05-28 18:58:10 Central Daylight Time,2017-05-28,18:58:10,-0500,390549636,sefasays,Sefa,,You know those infinite monkeys that can write the complete works of William Shakespeare; I'd like to be their uncle,en,[],[],[],0,0,0,[],[],https://twitter.com/sefasays/status/868979745379274754,,,0,,NYC,,,,,,"{'user_id': None, 'username': None}",,,,
868979733622607872,868979733622607872,2017-05-28 18:58:08 Central Daylight Time,2017-05-28,18:58:08,-0500,21115574,rachel_simon,Rachel Simon,,"Very, very late on this but @GPBmadeit's LOVE &amp; BASKETBALL is wonderful and Sanaa Lathan should be in everything.",en,['gpbmadeit'],[],[],2,0,5,[],[],https://twitter.com/Rachel_Simon/status/868979733622607872,,,0,,NYC,,,,,,"{'user_id': None, 'username': None}",,,,
868979702005944320,868979702005944320,2017-05-28 18:58:00 Central Daylight Time,2017-05-28,18:58:00,-0500,519703748,richardmolino,richard molino,,Just a matter of time!!@sashastrokesxxx,en,[],[],[],0,0,0,[],[],https://twitter.com/richardmolino/status/868979702005944320,,,0,,NYC,,,,,,"{'user_id': None, 'username': None}",,,,
868979695416692737,868979695416692737,2017-05-28 18:57:58 Central Daylight Time,2017-05-28,18:57:58,-0500,21530431,gabrieltrieger,Gabriel Trieger,"{'type': 'Point', 'coordinates': [40.75015, -73.99518]}","This one's for you, @jessetrieger. #pizza #food #foodgram #foodie #nomnomnom #fatty #NewYork‚Ä¶ https://t.co/gxHz3skOcV",en,['jessetrieger'],['https://www.instagram.com/p/BUp8EellkgO/'],[],1,0,0,"['pizza', 'food', 'foodgram', 'foodie', 'nomnomnom', 'fatty', 'newyork']",[],https://twitter.com/GabrielTrieger/status/868979695416692737,,,0,,NYC,,,,,,"{'user_id': None, 'username': None}",,,,
868979687720177666,868979687720177666,2017-05-28 18:57:57 Central Daylight Time,2017-05-28,18:57:57,-0500,34603742,forzaenjay,üóΩüèí Kenny McLovin üá∫üá¶,,Fuck yeah!! üòÇüòÇüòÇ https://t.co/2on2azEEmZ,en,[],['https://twitter.com/nydailynews/status/868978724913504256'],[],0,0,1,[],[],https://twitter.com/ForzaEnjay/status/868979687720177666,,https://twitter.com/nydailynews/status/868978724913504256,0,,NYC,,,,,,"{'user_id': None, 'username': None}",,,,
868979686675763201,868979686675763201,2017-05-28 18:57:56 Central Daylight Time,2017-05-28,18:57:56,-0500,67885608,cheddabang,DONT PANIC ENT.,"{'type': 'Point', 'coordinates': [40.7142, -74.0064]}","Come on #Sis üòÇüòÇüòÇüòÇ u knew that shit was not gonna work üò©üò©üò© #STAYINYALANE @ New York, New York https://t.co/6gHYyB67tD",en,[],['https://www.instagram.com/p/BUp8EvEAZ-m/'],[],0,0,1,"['sis', 'stayinyalane']",[],https://twitter.com/cheddabang/status/868979686675763201,,,0,,NYC,,,,,,"{'user_id': None, 'username': None}",,,,
868979678857572353,868979678857572353,2017-05-28 18:57:54 Central Daylight Time,2017-05-28,18:57:54,-0500,3385320785,matt8b9,Matt Berger,"{'type': 'Point', 'coordinates': [40.72365033, -73.99958493]}","Model: zara_arshakian
Photographer: @matt8b9
-
If you are looking for photography work to be‚Ä¶ https://t.co/kLUD0K2qAO",en,['matt8b9'],['https://www.instagram.com/p/BUp8EMUlMZ8/'],[],0,0,1,[],[],https://twitter.com/matt8b9/status/868979678857572353,,,0,,NYC,,,,,,"{'user_id': None, 'username': None}",,,,
868979672180285444,868979672180285444,2017-05-28 18:57:53 Central Daylight Time,2017-05-28,18:57:53,-0500,45055350,zaykrookz,ZAY KOBE,,Can't make me feel a way if you was never really mines to begin with,en,[],[],[],0,0,0,[],[],https://twitter.com/ZayKrookz/status/868979672180285444,,,0,,NYC,,,,,,"{'user_id': None, 'username': None}",,,,
868979665867812869,868979665867812869,2017-05-28 18:57:51 Central Daylight Time,2017-05-28,18:57:51,-0500,50706690,511ny,511 New York,"{'type': 'Point', 'coordinates': [40.751407, -73.976142]}",Cleared: Incident on #M103Bus from Lexington Avenue: 57th Street to Lexington Avenue:E 42nd Street,en,[],[],[],0,0,0,['m103bus'],[],https://twitter.com/511NY/status/868979665867812869,,,0,,NYC,,,,,,"{'user_id': None, 'username': None}",,,,
868979665096060928,868979665096060928,2017-05-28 18:57:51 Central Daylight Time,2017-05-28,18:57:51,-0500,50706690,511ny,511 New York,"{'type': 'Point', 'coordinates': [40.751407, -73.976142]}",Cleared: Incident on #M102Bus from Lexington Avenue: 57th Street to Lexington Avenue:E 42nd Street,en,[],[],[],0,0,0,['m102bus'],[],https://twitter.com/511NY/status/868979665096060928,,,0,,NYC,,,,,,"{'user_id': None, 'username': None}",,,,
868979664332697600,868979664332697600,2017-05-28 18:57:51 Central Daylight Time,2017-05-28,18:57:51,-0500,50706690,511ny,511 New York,"{'type': 'Point', 'coordinates': [40.751407, -73.976142]}",Cleared: Incident on #LTDBus from Lexington Avenue: 57th Street to Lexington Avenue:E 42nd Street,en,[],[],[],0,0,0,['ltdbus'],[],https://twitter.com/511NY/status/868979664332697600,,,0,,NYC,,,,,,"{'user_id': None, 'username': None}",,,,
868617815158345729,868617815158345729,2017-05-27 18:59:59 Central Daylight Time,2017-05-27,18:59:59,-0500,302962974,tenrosekhaleesi,Sara Weddle,,It's FINALLY @AnastasiaBway time! I am  READY FOR THIS.,en,['anastasiabway'],[],[],0,0,1,[],[],https://twitter.com/tenrosekhaleesi/status/868617815158345729,,,0,,NYC,,,,,,"{'user_id': None, 'username': None}",,,,
868617814860599299,868617814860599299,2017-05-27 18:59:59 Central Daylight Time,2017-05-27,18:59:59,-0500,85352912,ljemodelagency,LJE Model Agency,,"Oooof course I'd be on the train being held up by NYPD as they conduct an investigation.. 

NOW I CANT LEAVE üò©üò©üò©",en,[],[],[],0,0,0,[],[],https://twitter.com/LJEModelAgency/status/868617814860599299,,,0,,NYC,,,,,,"{'user_id': None, 'username': None}",,,,
868617809269596162,868617809269596162,2017-05-27 18:59:58 Central Daylight Time,2017-05-27,18:59:58,-0500,215704002,ch_rehaan,Rehan Chaudhary,,ÿ≥ŸàŸÑ€Å ŸÖŸÜŸπ ÿ±€Å ⁄Øÿ¶€í ÿ¨€í,ur,[],[],[],0,0,0,[],[],https://twitter.com/ch_rehaan/status/868617809269596162,,,0,,NYC,,,,,,"{'user_id': None, 'username': None}",,,,
868617808451690496,868617613030678529,2017-05-27 18:59:58 Central Daylight Time,2017-05-27,18:59:58,-0500,533318860,mattslater,Matt Slater (GM Amsterdam),,".2/ Calling it now, here come the token conferences",en,[],[],[],0,0,0,[],[],https://twitter.com/MattSlater/status/868617808451690496,,,0,,NYC,,,,,,"{'user_id': '533318860', 'username': 'MattSlater'}",,,,
868617792785985540,868614344019521537,2017-05-27 18:59:54 Central Daylight Time,2017-05-27,18:59:54,-0500,899727661,gerardoangulo6,Gerardo Angulo,,@ATodoMomento_ ESTE NARCO SOL NO TERMINAL MUY BIEN.,es,['atodomomento_'],[],[],0,0,0,[],[],https://twitter.com/GerardoAngulo6/status/868617792785985540,,,0,,NYC,,,,,,"{'user_id': '2353375021', 'username': 'ATodoMomento_'}",,,,
868617761676820480,868617761676820480,2017-05-27 18:59:47 Central Daylight Time,2017-05-27,18:59:47,-0500,3331156272,nydeliveryguy,highcastle,,"this asshole asked me if i wanted mayonnaise on my cheese steak.

fucking New Yorkers.",en,[],[],[],1,0,0,[],[],https://twitter.com/NYDeliveryGuy/status/868617761676820480,,,0,,NYC,,,,,,"{'user_id': None, 'username': None}",,,,
868617756245184513,868617756245184513,2017-05-27 18:59:45 Central Daylight Time,2017-05-27,18:59:45,-0500,384337556,ferntheslick33,Fern,"{'type': 'Point', 'coordinates': [40.861, -74.2329]}",Drinking a Space Otter by @mispillion @ Jenny and Fernando's Bier Garten ‚Äî https://t.co/au6tY8ixEi,en,['mispillion'],['http://untp.beer/s/c457880373'],[],0,0,0,[],[],https://twitter.com/ferntheslick33/status/868617756245184513,,,0,,NYC,,,,,,"{'user_id': None, 'username': None}",,,,
868617750956081154,868617750956081154,2017-05-27 18:59:44 Central Daylight Time,2017-05-27,18:59:44,-0500,2675004742,dirtysouthbronx,Sling Perico ‚Ñ¢,,Idc what you tell me. That laffy taffy song will forever be a hit in my book.,en,[],[],[],0,3,2,[],[],https://twitter.com/DirtySouthBronx/status/868617750956081154,,,0,,NYC,,,,,,"{'user_id': None, 'username': None}",,,,
868617724305580032,868617724305580032,2017-05-27 18:59:38 Central Daylight Time,2017-05-27,18:59:38,-0500,280688327,kylebrews,Kyle,"{'type': 'Point', 'coordinates': [40.67377, -73.9991299]}",Day dream in green @ Other Half Brewing Company https://t.co/OF1pvhZCEW,en,[],['https://www.instagram.com/p/BUnXeBNj4w6/'],[],0,0,0,[],[],https://twitter.com/kylebrews/status/868617724305580032,,,0,,NYC,,,,,,"{'user_id': None, 'username': None}",,,,
868617720979443714,868617720979443714,2017-05-27 18:59:37 Central Daylight Time,2017-05-27,18:59:37,-0500,50706690,511ny,511 New York,"{'type': 'Point', 'coordinates': [40.664428, -73.716115]}",Updated: Incident on #Q85Bus at Green Acres Shopping Center https://t.co/ivpzMOEcz5,en,[],['http://511ny.org/EventDetails/TRANSCOM/ORT23071107'],[],0,0,0,['q85bus'],[],https://twitter.com/511NY/status/868617720979443714,,,0,,NYC,,,,,,"{'user_id': None, 'username': None}",,,,
868617720220319744,868617720220319744,2017-05-27 18:59:37 Central Daylight Time,2017-05-27,18:59:37,-0500,50706690,511ny,511 New York,"{'type': 'Point', 'coordinates': [40.664428, -73.716115]}",Updated: Incident on #Q5Bus at Green Acres Shopping Center https://t.co/ivpzMOEcz5,en,[],['http://511ny.org/EventDetails/TRANSCOM/ORT23071107'],[],0,0,0,['q5bus'],[],https://twitter.com/511NY/status/868617720220319744,,,0,,NYC,,,,,,"{'user_id': None, 'username': None}",,,,
868617719180079108,868617719180079108,2017-05-27 18:59:37 Central Daylight Time,2017-05-27,18:59:37,-0500,2686231874,tiffanieann16,tiff Ôºà ¬¥‚àÄÔΩÄÔºâ‚òÜ,,"""Sometimes you just gotta cross, let god handle it""",en,[],[],[],0,0,1,[],[],https://twitter.com/TiffanieAnn16/status/868617719180079108,,,0,,NYC,,,,,,"{'user_id': None, 'username': None}",,,,
868617714415390720,868617714415390720,2017-05-27 18:59:35 Central Daylight Time,2017-05-27,18:59:35,-0500,260036035,dfarella,Dylan Farella,,"I'm at Wolfgang's Steakhouse in New York, NY https://t.co/xZyZxYGHSo",en,[],['https://www.swarmapp.com/c/80mYy26iHp9'],[],0,0,0,[],[],https://twitter.com/dfarella/status/868617714415390720,,,0,,NYC,,,,,,"{'user_id': None, 'username': None}",,,,
868617708316786688,868614811491471360,2017-05-27 18:59:34 Central Daylight Time,2017-05-27,18:59:34,-0500,51792148,franksyanks23,Frank,,"@SethDaSportsMan Dude has fell off a cliff, value can keep dropping, of course he can go on another too, tough spot",en,['sethdasportsman'],[],[],3,0,0,[],[],https://twitter.com/FranksYanks23/status/868617708316786688,,,0,,NYC,,,,,,"{'user_id': '585391355', 'username': 'SethDaSportsMan'}",,,,
868617697768202242,868617697768202242,2017-05-27 18:59:31 Central Daylight Time,2017-05-27,18:59:31,-0500,2711366271,kingxxchris,ForeverHumble100K,,üéØ https://t.co/WjS7LWEQ6Z,und,[],['https://twitter.com/trillsammyy/status/868616772739616771'],[],0,0,0,[],[],https://twitter.com/kingxxchris/status/868617697768202242,,https://twitter.com/trillsammyy/status/868616772739616771,0,,NYC,,,,,,"{'user_id': None, 'username': None}",,,,
868617697273237504,868617697273237504,2017-05-27 18:59:31 Central Daylight Time,2017-05-27,18:59:31,-0500,410013129,nosirromnnyl,L,"{'type': 'Point', 'coordinates': [40.766419, -73.982282]}",I think I'll stay üå∏‚òÄÔ∏è @ Elbow Beach Bermuda https://t.co/bwEoGTI5hr,en,[],['https://www.instagram.com/p/BUmnbL2FPDE/'],[],0,0,0,[],[],https://twitter.com/nosirromnnyl/status/868617697273237504,,,0,,NYC,,,,,,"{'user_id': None, 'username': None}",,,,
868617689836769280,868617689836769280,2017-05-27 18:59:30 Central Daylight Time,2017-05-27,18:59:30,-0500,779726293558521856,duskmoonrise,MOVED @ read pinned,,I say I'm free but I should do some cleaning (no cooking),en,[],[],[],0,0,0,[],[],https://twitter.com/duskmoonrise/status/868617689836769280,,,0,,NYC,,,,,,"{'user_id': None, 'username': None}",,,,
868617678168117249,868617678168117249,2017-05-27 18:59:27 Central Daylight Time,2017-05-27,18:59:27,-0500,20580488,258rick_,25/8 Rick,"{'type': 'Point', 'coordinates': [40.68468785, -73.86097865]}","#Repost @allcitymontz (get_repost)
„Éª„Éª„Éª
TONIGHT We @thelloungenyc ‚ÄºÔ∏è
78-16 Atlantic Avenue Ozone‚Ä¶ https://t.co/fjjGIL0nrs",en,['allcitymontz'],['https://www.instagram.com/p/BUnXc3hgu2e/'],[],0,0,0,['repost'],[],https://twitter.com/258rick_/status/868617678168117249,,,0,,NYC,,,,,,"{'user_id': None, 'username': None}",,,,
868617675643080704,868617675643080704,2017-05-27 18:59:26 Central Daylight Time,2017-05-27,18:59:26,-0500,398479877,chris_blacker,Chris Blacker,"{'type': 'Point', 'coordinates': [40.7, -73.95]}","No L train service this weekend, but at least I get to watch the sun set while I wait.‚Ä¶ https://t.co/LNjOMCLMiq",en,[],['https://www.instagram.com/p/BUnXcxJB69q/'],[],0,0,0,[],[],https://twitter.com/Chris_Blacker/status/868617675643080704,,,0,,NYC,,,,,,"{'user_id': None, 'username': None}",,,,
868617665639796738,868617665639796738,2017-05-27 18:59:24 Central Daylight Time,2017-05-27,18:59:24,-0500,915789704,briannnnf,Brian Fonseca,,"Sean Davis with #RBNY's best chance to equalize, but his header goes over the bar. Great ball in by Kljestan, though. https://t.co/eHCaTpYWwj",en,[],[],[],0,0,0,['rbny'],[],https://twitter.com/briannnnf/status/868617665639796738,,,1,https://pbs.twimg.com/ext_tw_video_thumb/868617605480800257/pu/img/BB7qzwP2kq9p3CUc.jpg,NYC,,,,,,"{'user_id': None, 'username': None}",,,,
868617659306446848,868612557539598338,2017-05-27 18:59:22 Central Daylight Time,2017-05-27,18:59:22,-0500,2331784278,sad_dp,observer,,"@mar_mar_ii ŸÜÿØ€åÿØŸÖ Ÿá€å⁄Ü ⁄©ÿØŸàŸÖŸà
ŸàŸÑ€å Ÿæÿß€åÿ™ÿÆÿ™ ŸÜÿØÿßÿ±Ÿá",fa,['mar_mar_ii'],[],[],1,0,1,[],[],https://twitter.com/sad_dp/status/868617659306446848,,,0,,NYC,,,,,,"{'user_id': '725287159', 'username': 'mar_mar_ii'}",,,,
868617647784636416,868617647784636416,2017-05-27 18:59:20 Central Daylight Time,2017-05-27,18:59:20,-0500,56544541,slimmy_b,psyke gyal!,,Waiting for sunset likeeeee,en,[],[],[],0,0,0,[],[],https://twitter.com/Slimmy_b/status/868617647784636416,,,0,,NYC,,,,,,"{'user_id': None, 'username': None}",,,,
868617643795894272,868617643795894272,2017-05-27 18:59:19 Central Daylight Time,2017-05-27,18:59:19,-0500,18298794,mischaarmada,Mischa Armada,"{'type': 'Point', 'coordinates': [40.73490834, -74.00298273]}","What a time (@ West Village in New York, NY) https://t.co/xypF8oQWw5",en,[],['https://www.swarmapp.com/c/cKttBGAmpzD'],[],0,0,0,[],[],https://twitter.com/mischaarmada/status/868617643795894272,,,0,,NYC,,,,,,"{'user_id': None, 'username': None}",,,,
868617642986418176,868617642986418176,2017-05-27 18:59:18 Central Daylight Time,2017-05-27,18:59:18,-0500,2700279543,latinocharles,Charles Latino,,https://t.co/Qk9Oe9UdEY,und,[],[],['https://pbs.twimg.com/media/DA3zHsOU0AAzoRx.jpg'],0,0,0,[],[],https://twitter.com/LatinoCharles/status/868617642986418176,,,1,https://pbs.twimg.com/media/DA3zHsOU0AAzoRx.jpg,NYC,,,,,,"{'user_id': None, 'username': None}",,,,
868617642684407809,868617642684407809,2017-05-27 18:59:18 Central Daylight Time,2017-05-27,18:59:18,-0500,23707639,roshninaik,Roshni Naik,,#quintessential https://t.co/U4PuKedgF5,und,[],[],"['https://pbs.twimg.com/media/DA3zH7kXoAAeO2G.jpg', 'https://pbs.twimg.com/media/DA3zH7jWAAE2HTA.jpg', 'https://pbs.twimg.com/media/DA3zH7lXgAAWxW8.jpg']",0,0,6,['quintessential'],[],https://twitter.com/roshninaik/status/868617642684407809,,,1,https://pbs.twimg.com/media/DA3zH7kXoAAeO2G.jpg,NYC,,,,,,"{'user_id': None, 'username': None}",,,,
868617641681989633,868617641681989633,2017-05-27 18:59:18 Central Daylight Time,2017-05-27,18:59:18,-0500,152009698,_queenofsins,üö´,,hey-lo üòä#perfectlighting #youcanhaveatummyandstillbeyummy https://t.co/uovNaOVcrM,en,[],[],['https://pbs.twimg.com/media/DA3zIwRVoAAGkZZ.jpg'],0,0,1,"['perfectlighting', 'youcanhaveatummyandstillbeyummy']",[],https://twitter.com/_queenofsins/status/868617641681989633,,,1,https://pbs.twimg.com/media/DA3zIwRVoAAGkZZ.jpg,NYC,,,,,,"{'user_id': None, 'username': None}",,,,
868617625517121541,868617625517121541,2017-05-27 18:59:14 Central Daylight Time,2017-05-27,18:59:14,-0500,151314051,gabitalisman,Gabi Talisman,,I just bought a challah at Trader Joe's but am seriously considering going to Boston market for cornbreads I should not shop while hungry,en,[],[],[],1,0,1,[],[],https://twitter.com/GabiTalisman/status/868617625517121541,,,0,,NYC,,,,,,"{'user_id': None, 'username': None}",,,,
868617617002688512,776258073203617792,2017-05-27 18:59:12 Central Daylight Time,2017-05-27,18:59:12,-0500,3614782823,puppysmooch,Sarah üíô,,"@barleedraws why is he so, https://t.co/t2fDmNwZ2D",en,[],[],"['https://pbs.twimg.com/media/DA3y_JnUwAAV1oH.jpg', 'https://pbs.twimg.com/media/DA3zF-NV0AAyWPu.jpg']",0,19,65,[],[],https://twitter.com/puppysmooch/status/868617617002688512,,,1,https://pbs.twimg.com/media/DA3y_JnUwAAV1oH.jpg,NYC,,,,,,"{'user_id': None, 'username': None}",,,,
868617615077502978,868617615077502978,2017-05-27 18:59:12 Central Daylight Time,2017-05-27,18:59:12,-0500,607946475,hannahckarris,Hannah,,me and wesley just got put in a hot dog commercial for Iceland,en,[],[],[],0,0,4,[],[],https://twitter.com/hannahckarris/status/868617615077502978,,,0,,NYC,,,,,,"{'user_id': None, 'username': None}",,,,
868617613030678529,868617613030678529,2017-05-27 18:59:11 Central Daylight Time,2017-05-27,18:59:11,-0500,533318860,mattslater,Matt Slater (GM Amsterdam),,"After #tokensummit I think we can officially say tokens have taken over from private blockchains as the ""new cool thing"" to build.",en,[],[],[],1,2,1,['tokensummit'],[],https://twitter.com/MattSlater/status/868617613030678529,,,0,,NYC,,,,,,"{'user_id': None, 'username': None}",,,,
868617612426661888,868617612426661888,2017-05-27 18:59:11 Central Daylight Time,2017-05-27,18:59:11,-0500,27594038,evontheboards,Eric ‚ÄòERK‚Äô Vargas,,love ratio 1:1,en,[],[],[],1,0,0,[],[],https://twitter.com/EVontheBoards/status/868617612426661888,,,0,,NYC,,,,,,"{'user_id': None, 'username': None}",,,,
868617607016009728,868617607016009728,2017-05-27 18:59:10 Central Daylight Time,2017-05-27,18:59:10,-0500,1101463122,haroldgoodman2,Harold Goodman,"{'type': 'Point', 'coordinates': [40.71249202, -73.96888733]}",#tonightssunset #hipstersunset @ Williamsburg Bridge https://t.co/d2DZ5wGX3z,en,[],['https://www.instagram.com/p/BUnXaiDl4RV/'],[],0,0,1,"['tonightssunset', 'hipstersunset']",[],https://twitter.com/haroldgoodman2/status/868617607016009728,,,0,,NYC,,,,,,"{'user_id': None, 'username': None}",,,,
868617604247760896,868617604247760896,2017-05-27 18:59:09 Central Daylight Time,2017-05-27,18:59:09,-0500,3041947599,essentials608,ESSENTIALS 6 0 8,"{'type': 'Point', 'coordinates': [40.85817, -73.8848]}",#Essentials608 üìç#Restaurant #Lounge #Event üì∞#PhotoOfTheDay üîçaaliytha üì∏@Rachelnoerd ‚òÜ#RedCarpet‚Ä¶ https://t.co/9dxrDWlREd,et,['rachelnoerd'],['https://www.instagram.com/p/BUnXalSDH7n/'],[],0,1,1,"['essentials608', 'restaurant', 'lounge', 'event', 'photooftheday', 'redcarpet']",[],https://twitter.com/Essentials608/status/868617604247760896,,,0,,NYC,,,,,,"{'user_id': None, 'username': None}",,,,
868617603358568448,868617603358568448,2017-05-27 18:59:09 Central Daylight Time,2017-05-27,18:59:09,-0500,263282350,haliematthewss,Hals üêê,,Back in NOLA Saturday üòî,en,[],[],[],0,0,0,[],[],https://twitter.com/haliematthewss/status/868617603358568448,,,0,,NYC,,,,,,"{'user_id': None, 'username': None}",,,,
868617601840283648,868617601840283648,2017-05-27 18:59:09 Central Daylight Time,2017-05-27,18:59:09,-0500,953039305,djg_leo,DJ G LEO,"{'type': 'Point', 'coordinates': [40.81829, -73.8906499]}",Shout to the Carolina Panthers Defensive End Ryan Delaire @pretty_flacko56 for sharing his‚Ä¶ https://t.co/jxn4HJHhOU,en,['pretty_flacko56'],['https://www.instagram.com/p/BUnXaevgPM8/'],[],0,0,0,[],[],https://twitter.com/DJG_LEO/status/868617601840283648,,,0,,NYC,,,,,,"{'user_id': None, 'username': None}",,,,
868617594252779521,868589966967922688,2017-05-27 18:59:07 Central Daylight Time,2017-05-27,18:59:07,-0500,10075812,keith_harper,Keith Harper,,@kimberlyratliff Fireflies already?! Wow.,en,['kimberlyratliff'],[],[],1,0,1,[],[],https://twitter.com/keith_harper/status/868617594252779521,,,0,,NYC,,,,,,"{'user_id': '28519668', 'username': 'kimberlyratliff'}",,,,
868617589978746880,868509760248832000,2017-05-27 18:59:06 Central Daylight Time,2017-05-27,18:59:06,-0500,15864615,jcsomerville,John Somerville,,@hasanbegovic @esthergellis @dalahastmusic Lorin Jones.,en,"['hasanbegovic', 'esthergellis', 'dalahastmusic']",[],[],1,0,0,[],[],https://twitter.com/jcsomerville/status/868617589978746880,,,0,,NYC,,,,,,"{'user_id': '18368524', 'username': 'hasanbegovic'}",,,,
868617578700263424,868617578700263424,2017-05-27 18:59:03 Central Daylight Time,2017-05-27,18:59:03,-0500,3269121858,binabdullaha11,ÿÆÿßŸÑÿØ ÿ®ŸÜ ÿπÿ®ÿØÿßŸÑŸÑŸá üá∏üá¶,,"ŸÖÿπÿßÿ®ÿØ ÿßŸÑŸáŸÜÿØŸàÿ≥ ŸÅŸä ÿØŸàŸÑÿ© ""ŸÖÿß"" ŸÇÿØÿßÿ≥ÿ™Ÿáÿß ÿ£ÿπÿ∏ŸÖ ŸÖŸÜ ŸÖŸÇÿØÿ≥ÿßÿ™ ÿßŸÑŸÖÿ≥ŸÑŸÖŸäŸÜÿå ÿ™ÿ¨ÿØ ÿµÿ≠ŸÅŸä ÿ£Ÿà ÿ•ÿπŸÑÿßŸÖŸä ŸäŸáÿßÿ¨ŸÖ ŸÖŸÇÿØÿ≥ÿßÿ™ ÿßŸÑŸÖÿ≥ŸÑŸÖŸäŸÜ ÿ®ŸäŸÜŸÖÿß ŸÑŸÜ Ÿäÿ™ÿ¨ÿ±ÿ£ ÿπŸÑŸâ ŸÖŸáÿßÿ¨ŸÖÿ© ŸÖÿπÿßÿ®ÿØ ÿßŸÑŸáŸÜÿØŸàÿ≥",ar,[],[],[],0,1,1,[],[],https://twitter.com/BinAbdullahA11/status/868617578700263424,,,0,,NYC,,,,,,"{'user_id': None, 'username': None}",,,,
868617573490769920,868617573490769920,2017-05-27 18:59:02 Central Daylight Time,2017-05-27,18:59:02,-0500,1149211386,lsvidak,L.S.V,"{'type': 'Point', 'coordinates': [40.75839, -73.98644]}","Just posted a photo @ Times Square, New York City https://t.co/xcjVwVntop",en,[],['https://www.instagram.com/p/BUnXZI6hiGc/'],[],0,0,1,[],[],https://twitter.com/LSVidak/status/868617573490769920,,,0,,NYC,,,,,,"{'user_id': None, 'username': None}",,,,
868617568105398276,868617568105398276,2017-05-27 18:59:01 Central Daylight Time,2017-05-27,18:59:01,-0500,2100381,bdonnelly,ùô±ùöõùöíùöäùöó ùô≥ùöòùöóùöóùöéùöïùöïùö¢,,"Webs, tangled, weaved, blown back. https://t.co/yTtIXi7Tae",en,[],['https://twitter.com/edmundgriffiths/status/868441222154788864'],[],0,0,0,[],[],https://twitter.com/bdonnelly/status/868617568105398276,,https://twitter.com/edmundgriffiths/status/868441222154788864,0,,NYC,,,,,,"{'user_id': None, 'username': None}",,,,
867893029964845061,867893029964845061,2017-05-25 18:59:57 Central Daylight Time,2017-05-25,18:59:57,-0500,16401028,718shaun,Shaun Casiraghi,,That‚Äôs how a lot of us wound being conceived https://t.co/yCEGdWG79B,en,[],['https://twitter.com/JUSLIKEMIKE863/status/867375656996413440'],[],0,0,0,[],[],https://twitter.com/718Shaun/status/867893029964845061,,https://twitter.com/JUSLIKEMIKE863/status/867375656996413440,0,,NYC,,,,,,"{'user_id': None, 'username': None}",,,,
867893024680009729,867893024680009729,2017-05-25 18:59:56 Central Daylight Time,2017-05-25,18:59:56,-0500,52531104,mlaurencell,Marianne,"{'type': 'Point', 'coordinates': [40.84671418, -73.84398254]}",Wine-not?  üç∑üç∑üç∑ (@ Warehouse Liquor &amp; Wine in NY) https://t.co/mBiVuO8eqz,en,[],['https://www.swarmapp.com/c/1gVqvVIYSXq'],[],0,0,0,[],[],https://twitter.com/mlaurencell/status/867893024680009729,,,0,,NYC,,,,,,"{'user_id': None, 'username': None}",,,,
867893023446904833,867893023446904833,2017-05-25 18:59:56 Central Daylight Time,2017-05-25,18:59:56,-0500,3251286707,cperez1962,Dra Perez,,Estar√© transmitiendo de un lugar secreto a las 8:30pm sorpresa!,es,[],[],[],0,6,5,[],[],https://twitter.com/cperez1962/status/867893023446904833,,,0,,NYC,,,,,,"{'user_id': None, 'username': None}",,,,
867892997198946304,867892997198946304,2017-05-25 18:59:49 Central Daylight Time,2017-05-25,18:59:49,-0500,138668717,greydnls,Graham Hoefer,"{'type': 'Point', 'coordinates': [40.68333333, -73.94111111]}","Make your own pizza night. #dinner @ Bedford‚ÄìStuyvesant, Brooklyn https://t.co/gDnRIowXO0",en,[],['https://www.instagram.com/p/BUiN5wrAr3L/'],[],0,1,1,['dinner'],[],https://twitter.com/greydnls/status/867892997198946304,,,0,,NYC,,,,,,"{'user_id': None, 'username': None}",,,,
867892992186757120,867892992186757120,2017-05-25 18:59:48 Central Daylight Time,2017-05-25,18:59:48,-0500,2433869705,64_keith,Keith G. Flemming Sr,,"@OBJ_3 as a Giant,  but sadly your not at OTAS with the team as well as redeeming yourself from the Mistakes of last year. Don't let your",en,['obj_3'],[],[],0,0,0,[],[],https://twitter.com/64_keith/status/867892992186757120,,,0,,NYC,,,,,,"{'user_id': '380730306', 'username': 'obj'}",,,,
867892988105469952,867892988105469952,2017-05-25 18:59:47 Central Daylight Time,2017-05-25,18:59:47,-0500,22305960,carol_red,carol raisfeld,,"#senyru  #micropoetry 

tent reviiiival! 
the preacher's wife                         
wears Prada",en,[],[],[],0,3,10,"['senyru', 'micropoetry']",[],https://twitter.com/carol_red/status/867892988105469952,,,0,,NYC,,,,,,"{'user_id': None, 'username': None}",,,,
867892979754840064,867892979754840064,2017-05-25 18:59:45 Central Daylight Time,2017-05-25,18:59:45,-0500,20828623,thatsbetsyv,BetsyV,"{'type': 'Point', 'coordinates': [40.7142, -74.0064]}","A lot of this, a lot of that today just being mommy, typing blogs and finalizing @thatsBetsyV‚Ä¶ https://t.co/Odvgo0N9L7",en,['thatsbetsyv'],['https://www.instagram.com/p/BUiN5L0gZDc/'],[],0,0,0,[],[],https://twitter.com/thatsBetsyV/status/867892979754840064,,,0,,NYC,,,,,,"{'user_id': None, 'username': None}",,,,
867892977863200770,867892977863200770,2017-05-25 18:59:45 Central Daylight Time,2017-05-25,18:59:45,-0500,392371630,realskyfreejr,Skuyler Freeman Jr,"{'type': 'Point', 'coordinates': [40.70722646, -74.03885724]}",Just posted a photo @ Liberty State Park https://t.co/3KjL22y8XK,en,[],['https://www.instagram.com/p/BG0TzgmTPQf/'],[],0,0,0,[],[],https://twitter.com/realskyfreejr/status/867892977863200770,,,0,,NYC,,,,,,"{'user_id': None, 'username': None}",,,,
867892976147738630,867892976147738630,2017-05-25 18:59:44 Central Daylight Time,2017-05-25,18:59:44,-0500,43243,macsamurai,Laurie A. Duncan,,Wtf is wrong with people? I walk past here 2-4x/day to/from train. Used to replace my watch batteries there. https://t.co/Ha03oDC4UA,en,[],['http://www.brooklyneagle.com/articles/2017/5/25/shopkeeper-injured-violent-jewelry-store-robbery-court-street-brooklyn-heights'],[],0,0,0,[],[],https://twitter.com/macsamurai/status/867892976147738630,,,0,,NYC,,,,,,"{'user_id': None, 'username': None}",,,,
867892973324955648,867888251268251648,2017-05-25 18:59:44 Central Daylight Time,2017-05-25,18:59:44,-0500,728588102126714880,thedigilogue,THE DIGILOGUE,,The importance of signing to a publisher by Danielle Middleton of SONY ATV #TheDigilogue https://t.co/cnLCyCYdB2,en,[],[],['https://pbs.twimg.com/media/DAtfIfnXkAAdtC5.png'],2,4,5,['thedigilogue'],[],https://twitter.com/thedigilogue/status/867892973324955648,,,1,https://pbs.twimg.com/media/DAtfIfnXkAAdtC5.png,NYC,,,,,,"{'user_id': '728588102126714880', 'username': 'thedigilogue'}",,,,
867892972330909696,867892972330909696,2017-05-25 18:59:43 Central Daylight Time,2017-05-25,18:59:43,-0500,126110637,baby_red2,La_Unica!!!,"{'type': 'Point', 'coordinates': [40.7142, -74.0064]}","Just posted a photo @ New York, New York https://t.co/MMDRBqsNru",en,[],['https://www.instagram.com/p/BUiN481j0VDvwZ9qL9BAM7uCxMd18X6UH5wYNk0/'],[],0,0,0,[],[],https://twitter.com/Baby_Red2/status/867892972330909696,,,0,,NYC,,,,,,"{'user_id': None, 'username': None}",,,,
867892971684933632,867889663582797824,2017-05-25 18:59:43 Central Daylight Time,2017-05-25,18:59:43,-0500,825710658,sednalin,linhelen,,@observer Aww...Sorry to hear that.,en,['observer'],[],[],0,0,0,[],[],https://twitter.com/SednaLin/status/867892971684933632,,,0,,NYC,,,,,,"{'user_id': '15738599', 'username': 'observer'}",,,,
867892969277456388,867892969277456388,2017-05-25 18:59:43 Central Daylight Time,2017-05-25,18:59:43,-0500,1723368450,browndesignca,BrownDesign,"{'type': 'Point', 'coordinates': [40.69393, -73.99935]}",#tbt Yesterday marked the Brooklyn Bridge's 134th birthday. Here's a quick snap of this iconic‚Ä¶ https://t.co/8dJ0n5SPDK,en,[],['https://www.instagram.com/p/BUiN423AXGB/'],[],0,0,0,['tbt'],[],https://twitter.com/BrownDesignCA/status/867892969277456388,,,0,,NYC,,,,,,"{'user_id': None, 'username': None}",,,,
867892963938103297,867892963938103297,2017-05-25 18:59:41 Central Daylight Time,2017-05-25,18:59:41,-0500,2687999594,nyuprimatology,NYU Primatology,,"With Zane Thayer, Jerry DeSilva, &amp; Nate Dominy in Hanover. https://t.co/8pxoSZ5u0x",en,[],[],['https://pbs.twimg.com/media/DAtgCjkXYAAdje3.jpg'],0,0,3,[],[],https://twitter.com/nyuprimatology/status/867892963938103297,,,1,https://pbs.twimg.com/media/DAtgCjkXYAAdje3.jpg,NYC,,,,,,"{'user_id': None, 'username': None}",,,,
867892947987169280,867892947987169280,2017-05-25 18:59:38 Central Daylight Time,2017-05-25,18:59:38,-0500,457170871,lunaacaroline,Caroline,,Your favorite dog üê∂üíã https://t.co/gpolYZF7bN,en,[],[],"['https://pbs.twimg.com/media/DAtgB7FXoAE6p4p.jpg', 'https://pbs.twimg.com/media/DAtgB7LXoAEnLuD.jpg']",0,0,1,[],[],https://twitter.com/LunaaCaroline/status/867892947987169280,,,1,https://pbs.twimg.com/media/DAtgB7FXoAE6p4p.jpg,NYC,,,,,,"{'user_id': None, 'username': None}",,,,
867892946401718272,867892946401718272,2017-05-25 18:59:37 Central Daylight Time,2017-05-25,18:59:37,-0500,618673,nonlinear,Nicholas Frota,,https://t.co/SPf6nlNemE via @instapaper https://t.co/njhpyoWrmw,und,['instapaper'],['https://www.quantamagazine.org/20170126-information-theory-and-the-foundation-of-life/'],['https://pbs.twimg.com/media/DAtgCEgXsAEAwlJ.jpg'],0,0,2,[],[],https://twitter.com/nonlinear/status/867892946401718272,,,1,https://pbs.twimg.com/media/DAtgCEgXsAEAwlJ.jpg,NYC,,,,,,"{'user_id': None, 'username': None}",,,,
867892942819688448,867878416250548226,2017-05-25 18:59:36 Central Daylight Time,2017-05-25,18:59:36,-0500,411695850,jazminepiperato,Jaz,,@mbeckssss üíò,und,['mbeckssss'],[],[],0,0,1,[],[],https://twitter.com/jazminepiperato/status/867892942819688448,,,0,,NYC,,,,,,"{'user_id': '1084604982', 'username': 'mbeckssss'}",,,,
867892936012201984,867892936012201984,2017-05-25 18:59:35 Central Daylight Time,2017-05-25,18:59:35,-0500,64563600,chelomundo_,Chelo,,You know your boy ain't good when I turn down drinks... the aroma alone made me nauseous... ü§¢üò∑,en,[],[],[],1,0,0,[],[],https://twitter.com/chelomundo_/status/867892936012201984,,,0,,NYC,,,,,,"{'user_id': None, 'username': None}",,,,
867892932078174208,867892932078174208,2017-05-25 18:59:34 Central Daylight Time,2017-05-25,18:59:34,-0500,148019743,brettkotlus,Brett Kotlus MD,"{'type': 'Point', 'coordinates': [40.7700005, -73.9629669]}",The newest generation of thread lift is a tactic to smooth loose areas of skin. It's nothing‚Ä¶ https://t.co/supHDIAACA,en,[],['https://www.instagram.com/p/BUiN4AZB9AY/'],[],0,0,0,[],[],https://twitter.com/brettkotlus/status/867892932078174208,,,0,,NYC,,,,,,"{'user_id': None, 'username': None}",,,,
867892931973304320,867892931973304320,2017-05-25 18:59:34 Central Daylight Time,2017-05-25,18:59:34,-0500,148126969,j_heft,Weezy F Jilly,,Trying v hard to not have a panic attack at the tippy top balcony of Carnegie Hall,en,[],[],[],0,0,2,[],[],https://twitter.com/j_heft/status/867892931973304320,,,0,,NYC,,,,,,"{'user_id': None, 'username': None}",,,,
866805876098822148,866805876098822148,2017-05-22 18:59:59 Central Daylight Time,2017-05-22,18:59:59,-0500,140507404,mara_glz,Mara Itah√≠ Gonz√°lez Torres,"{'type': 'Point', 'coordinates': [40.72880356, -73.95731091]}","I'm at Brooklyn Safehouse in Brooklyn, NY https://t.co/c55WW1oYW5",en,[],['https://www.swarmapp.com/c/0zlsECfKGqC'],[],0,0,0,[],[],https://twitter.com/mara_glz/status/866805876098822148,,,0,,NYC,,,,,,"{'user_id': None, 'username': None}",,,,
866805867215278081,866805867215278081,2017-05-22 18:59:57 Central Daylight Time,2017-05-22,18:59:57,-0500,442869602,northendgrill,North End Grill,"{'type': 'Point', 'coordinates': [40.715155, -74.015699]}",Furthering education as a team - thank you to Jean Trimbach for joining us for a tasting!‚Ä¶ https://t.co/Sx3QgyHOlf,en,[],['https://www.instagram.com/p/BUafhSeF6Zo/'],[],0,0,2,[],[],https://twitter.com/NorthEndGrill/status/866805867215278081,,,0,,NYC,,,,,,"{'user_id': None, 'username': None}",,,,
866805864396726272,866805864396726272,2017-05-22 18:59:57 Central Daylight Time,2017-05-22,18:59:57,-0500,21829566,milkyshakedj,Kief Sweat,,it's a special kind of unworldly evil to want to harm children.,en,[],[],[],0,0,1,[],[],https://twitter.com/milkyshakedj/status/866805864396726272,,,0,,NYC,,,,,,"{'user_id': None, 'username': None}",,,,
866805863960514561,866805863960514561,2017-05-22 18:59:57 Central Daylight Time,2017-05-22,18:59:57,-0500,42797629,danielleiat,danielle tcholakian,,omg HAARETZ https://t.co/IZRFcVHfwq,en,[],['https://twitter.com/haaretzcom/status/866661844999712769'],[],1,0,4,[],[],https://twitter.com/danielleiat/status/866805863960514561,,https://twitter.com/haaretzcom/status/866661844999712769,0,,NYC,,,,,,"{'user_id': None, 'username': None}",,,,
866805855462858752,866805855462858752,2017-05-22 18:59:55 Central Daylight Time,2017-05-22,18:59:55,-0500,2389980116,cusekicks,"Walter Crist, PhD",,"I gave a half hour academic talk in Europe the day I arrived, while I had strep. keep whining snowflake. https://t.co/qbNRoaPQZO",en,[],['https://twitter.com/gqmagazine/status/866800863192526848'],[],0,0,1,[],[],https://twitter.com/CuseKicks/status/866805855462858752,,https://twitter.com/gqmagazine/status/866800863192526848,0,,NYC,,,,,,"{'user_id': None, 'username': None}",,,,
866805848689057792,866805848689057792,2017-05-22 18:59:53 Central Daylight Time,2017-05-22,18:59:53,-0500,18145638,rich_moy,Rich Moy,,"OH: ""I just got a call and I have some terrible news...the venga bus is coming.""",en,[],[],[],0,2,5,[],[],https://twitter.com/rich_moy/status/866805848689057792,,,0,,NYC,,,,,,"{'user_id': None, 'username': None}",,,,
866805843387441152,866805843387441152,2017-05-22 18:59:52 Central Daylight Time,2017-05-22,18:59:52,-0500,258422844,mellowkelow,Kelly Kapowski,,Brett #cantstopwontstop Gardner,no,[],[],[],0,0,1,['cantstopwontstop'],[],https://twitter.com/mellowkelow/status/866805843387441152,,,0,,NYC,,,,,,"{'user_id': None, 'username': None}",,,,
866805835648958466,866805835648958466,2017-05-22 18:59:50 Central Daylight Time,2017-05-22,18:59:50,-0500,807968504,_celia_bedelia_,‚ÄúCelia‚Äù,,CHILDREN are dead and injured and you need to act like you're too cool to listen to that music. https://t.co/0kAVGsrXOz,en,[],[],['https://pbs.twimg.com/tweet_video_thumb/DAeDTc0XcAMIhh4.jpg'],0,4,1,[],[],https://twitter.com/_celia_bedelia_/status/866805835648958466,,,1,https://pbs.twimg.com/tweet_video_thumb/DAeDTc0XcAMIhh4.jpg,NYC,,,,,,"{'user_id': None, 'username': None}",,,,
866805835162431492,866805835162431492,2017-05-22 18:59:50 Central Daylight Time,2017-05-22,18:59:50,-0500,86086824,deyennie,Yenz,"{'type': 'Point', 'coordinates': [40.6825168, -73.96297514]}",So @stillmed and i had to travel 12miles to get here. I'm hungry ehn https://t.co/DuWrqxNMNR https://t.co/nr86I2IbIr,en,['stillmed'],['https://www.swarmapp.com/c/iJQKh1dLDp4'],['https://pbs.twimg.com/media/DAeDT_6W0AMFZ3R.jpg'],0,0,0,[],[],https://twitter.com/deyennie/status/866805835162431492,,,1,https://pbs.twimg.com/media/DAeDT_6W0AMFZ3R.jpg,NYC,,,,,,"{'user_id': None, 'username': None}",,,,
866805823854563328,866805823854563328,2017-05-22 18:59:47 Central Daylight Time,2017-05-22,18:59:47,-0500,4690428030,ppebblesinc,Precious Pebbles inc,"{'type': 'Point', 'coordinates': [40.7142, -74.0064]}","Tanzanites @ New York, New York https://t.co/KGz0fAaJ7y",en,[],['https://www.instagram.com/p/BUafg-sAx2K/'],[],0,0,0,[],[],https://twitter.com/ppebblesinc/status/866805823854563328,,,0,,NYC,,,,,,"{'user_id': None, 'username': None}",,,,
866805820272644096,866805820272644096,2017-05-22 18:59:46 Central Daylight Time,2017-05-22,18:59:46,-0500,870277646,akingnamednas,nas ü¶Ç,,Cudis vocals on Guilt Trip always puts me in a mood.,en,[],[],[],0,4,1,[],[],https://twitter.com/aKINGnamedNAS/status/866805820272644096,,,0,,NYC,,,,,,"{'user_id': None, 'username': None}",,,,
866805812328624128,866805812328624128,2017-05-22 18:59:44 Central Daylight Time,2017-05-22,18:59:44,-0500,502483248,rotanz_acab,Advent of the Magi,,Somebody fucked him up https://t.co/HbR5dvigAn,en,[],['https://twitter.com/thecheyalexis/status/866743511521034241'],[],0,0,1,[],[],https://twitter.com/RotanZ_ACAB/status/866805812328624128,,0,0,,NYC,,,,,,"{'user_id': None, 'username': None}",,,,
866805787850616832,866805787850616832,2017-05-22 18:59:38 Central Daylight Time,2017-05-22,18:59:38,-0500,216870178,lululemonnyc,lululemon NYC,,"This is that moment when you find your friends mid-race cheering for you‚Äîyeah, that feeling. #morethanmiles https://t.co/kHsgteL9Am",en,[],[],['https://pbs.twimg.com/media/DAeC4OpW0AICDC3.jpg'],0,0,3,['morethanmiles'],[],https://twitter.com/lululemonNYC/status/866805787850616832,,,1,https://pbs.twimg.com/media/DAeC4OpW0AICDC3.jpg,NYC,,,,,,"{'user_id': None, 'username': None}",,,,
866805780636479489,866805780636479489,2017-05-22 18:59:37 Central Daylight Time,2017-05-22,18:59:37,-0500,24470014,brianbrennandc,Brian Brennan,,Those extra hitting lessons with A-Rod last year really paid off #Gardner,en,[],[],[],0,0,0,['gardner'],[],https://twitter.com/brianbrennandc/status/866805780636479489,,,0,,NYC,,,,,,"{'user_id': None, 'username': None}",,,,
866805771664797696,866805771664797696,2017-05-22 18:59:35 Central Daylight Time,2017-05-22,18:59:35,-0500,23573258,burrowdweller73,Chris Morris,,Is there any stopping THE GARDINO? #Yankees on the board :-D,en,[],[],[],0,1,0,['yankees'],[],https://twitter.com/BurrowDweller73/status/866805771664797696,,,0,,NYC,,,,,,"{'user_id': None, 'username': None}",,,,
866805764941393921,866805764941393921,2017-05-22 18:59:33 Central Daylight Time,2017-05-22,18:59:33,-0500,815717371646275585,fakecooldad,#YemenCantWait,,What Rs get that Ds don't: Always fight FOR something. Ds bit on their HC bill and now they have spent the last decade trying to repeal it,en,[],[],[],1,0,1,[],[],https://twitter.com/fakeCoolDad/status/866805764941393921,,,0,,NYC,,,,,,"{'user_id': None, 'username': None}",,,,
866805760545755136,866805760545755136,2017-05-22 18:59:32 Central Daylight Time,2017-05-22,18:59:32,-0500,16216109,melknee,"MELKNEE (Melanie) (üåê,üë∑üèæ‚Äç‚ôÄÔ∏è)",,"I've seen @ArianaGrande live twice, so the news of the deadly explosion at the Manchester show really hits me.",en,['arianagrande'],[],[],1,0,4,[],[],https://twitter.com/Melknee/status/866805760545755136,,,0,,NYC,,,,,,"{'user_id': None, 'username': None}",,,,
866805755927818241,866805755927818241,2017-05-22 18:59:31 Central Daylight Time,2017-05-22,18:59:31,-0500,365621162,loroash,Rob Ash,,Grady is on a tear!  Proving me wrong. :) #NYY #Yankees,en,[],[],[],0,0,0,"['nyy', 'yankees']",[],https://twitter.com/LoroAsh/status/866805755927818241,,,0,,NYC,,,,,,"{'user_id': None, 'username': None}",,,,
866805754493317120,866656584939831298,2017-05-22 18:59:31 Central Daylight Time,2017-05-22,18:59:31,-0500,338410478,giacomozucco,Giacomo DARK TETRAD Zucco üîó‚ö°ü•©‚ò†Ô∏èüßä,,"@BitcoinBuzzV9 @econopoly24 @tobdea @massimochi @simeoneantonio1 @carloalberto @AlienoGentile @lucatremolada @MauroDelCorno @biagiosimonetta @Ferdinando1970 @lucabattanta Conosco bene Monero, progetto legittimo ed eccezione a quanto scritto nel pezzo, per il resto perfetto.",it,"['bitcoinbuzzv9', 'econopoly24', 'tobdea', 'massimochi', 'simeoneantonio1', 'carloalberto', 'alienogentile', 'lucatremolada', 'maurodelcorno', 'biagiosimonetta', 'ferdinando1970', 'lucabattanta']",[],[],0,0,1,[],[],https://twitter.com/giacomozucco/status/866805754493317120,,,0,,NYC,,,,,,"{'user_id': '204112162', 'username': 'BitcoinBuzzV9'}",,,,
866805740052389888,866804739308126208,2017-05-22 18:59:27 Central Daylight Time,2017-05-22,18:59:27,-0500,1072959818,onetonyonly,Maximo,,@GeraldoRivera Your poor speculation and resorting to tweeting just shows how irrelevant you've become.,en,['geraldorivera'],[],[],0,0,2,[],[],https://twitter.com/OneTonyOnly/status/866805740052389888,,,0,,NYC,,,,,,"{'user_id': '246500501', 'username': 'GeraldoRivera'}",,,,
865718710555873280,865718710555873280,2017-05-19 18:59:59 Central Daylight Time,2017-05-19,18:59:59,-0500,314542577,sothebys,Sotheby's,,"#AuctionUpdate #SothebysContemporary Art Day Auction totaled $92,830,375, with 18 lots over $1 million, and 10 new auction records! https://t.co/QGkmjlZ1v4",en,[],[],['https://pbs.twimg.com/media/DAOmjcIWsAA04nM.jpg'],0,19,30,"['auctionupdate', 'sothebyscontemporary']",[],https://twitter.com/Sothebys/status/865718710555873280,,,1,https://pbs.twimg.com/media/DAOmjcIWsAA04nM.jpg,NYC,,,,,,"{'user_id': None, 'username': None}",,,,
865718705824649216,865718705824649216,2017-05-19 18:59:58 Central Daylight Time,2017-05-19,18:59:58,-0500,817491163,fidifamilies,FiDi Families,"{'type': 'Point', 'coordinates': [40.71598015, -74.01433573]}",We are giving away a free kids cooking class at @butter_beans for tomorrow's workshop at 10am.‚Ä¶ https://t.co/oyeQsgawH6,en,['butter_beans'],['https://www.instagram.com/p/BUSxJihjDqC/'],[],0,0,1,[],[],https://twitter.com/FiDiFamilies/status/865718705824649216,,,0,,NYC,,,,,,"{'user_id': None, 'username': None}",,,,
865718695116537856,865718695116537856,2017-05-19 18:59:55 Central Daylight Time,2017-05-19,18:59:55,-0500,272145232,shadmanowitz,Shadman,,The world made a mistake by letting Bob Ross lie.,en,[],[],[],0,0,0,[],[],https://twitter.com/Shadmanowitz/status/865718695116537856,,,0,,NYC,,,,,,"{'user_id': None, 'username': None}",,,,
865718694785273857,865718694785273857,2017-05-19 18:59:55 Central Daylight Time,2017-05-19,18:59:55,-0500,267073567,m_pritchy,Mark Pritchard,"{'type': 'Point', 'coordinates': [40.772186, -73.955779]}","#hairofthedog (@ Ziggy's in New York, NY) https://t.co/L4LKXR6u5M",en,[],['https://www.swarmapp.com/c/5vIAmcolGEs'],[],0,0,0,['hairofthedog'],[],https://twitter.com/M_Pritchy/status/865718694785273857,,,0,,NYC,,,,,,"{'user_id': None, 'username': None}",,,,
865718676531679232,865718676531679232,2017-05-19 18:59:51 Central Daylight Time,2017-05-19,18:59:51,-0500,458146110,neo_gizmo,Neo Gizmo,,"""Ngetik apa mas?""
""Anu scan-an halaman tengah..."" https://t.co/mtJ4ISbeF5",in,[],['https://twitter.com/shanibudi/status/865717826354462720'],[],0,0,0,[],[],https://twitter.com/Neo_Gizmo/status/865718676531679232,,https://twitter.com/shanibudi/status/865717826354462720,0,,NYC,,,,,,"{'user_id': None, 'username': None}",,,,
865718666394042368,865717755215065089,2017-05-19 18:59:49 Central Daylight Time,2017-05-19,18:59:49,-0500,55672008,daicydisaster,daicydisaster,,@Chr15a113n I started watching the season opener but there's a new episode in like a minute rightüëÄ im gonna watch that anywayüòè,en,['chr15a113n'],[],[],1,0,0,[],[],https://twitter.com/daicydisaster/status/865718666394042368,,,0,,NYC,,,,,,"{'user_id': '15032470', 'username': 'Chr15a113n'}",,,,
865718664653418496,865718664653418496,2017-05-19 18:59:48 Central Daylight Time,2017-05-19,18:59:48,-0500,28452676,tylerclarey,Tyler Clarey,"{'type': 'Point', 'coordinates': [40.78694444, -73.97527778]}",üî• It's that time of year again... #Grilling #Cookout #NYC @ Upper West Side https://t.co/SNrKoSYzPU,en,[],['https://www.instagram.com/p/BUSxIUBjDxU/'],[],0,0,0,"['grilling', 'cookout', 'nyc']",[],https://twitter.com/tylerclarey/status/865718664653418496,,,0,,NYC,,,,,,"{'user_id': None, 'username': None}",,,,
865718642864001025,865710800291364864,2017-05-19 18:59:43 Central Daylight Time,2017-05-19,18:59:43,-0500,20601895,dd10023,Wasserman,,@Reuters https://t.co/GrRiX6kFfW,und,['reuters'],['http://www.bing.com/videos/search?q=youtube.com%2fTheGovernment+investigates&view=detail&mid=F4AA42E57BB00C9FEF64F4AA42E57BB00C9FEF64&FORM=VIRE'],[],0,0,0,[],[],https://twitter.com/dd10023/status/865718642864001025,,,0,,NYC,,,,,,"{'user_id': '1652541', 'username': 'Reuters'}",,,,
865718639730675713,865718639730675713,2017-05-19 18:59:42 Central Daylight Time,2017-05-19,18:59:42,-0500,23734720,katemcdaniel,Kate McDaniel,"{'type': 'Point', 'coordinates': [40.75998263, -73.98618429]}",Friday night with Allison ‚úåüèª @ Barrymore Theatre https://t.co/1nM3Ib3htN,en,[],['https://www.instagram.com/p/BUSxHr4h_Wb/'],[],0,0,0,[],[],https://twitter.com/katemcdaniel/status/865718639730675713,,,0,,NYC,,,,,,"{'user_id': None, 'username': None}",,,,
865718633191931904,865718633191931904,2017-05-19 18:59:41 Central Daylight Time,2017-05-19,18:59:41,-0500,1243727863,theejeanpaul,JEAN PAUL,,@NICKIMINAJ what you mean lets see? I need a shooting date to be scheduled already! @katyperry #SwishSwish #NickiBBMAs,en,"['nickiminaj', 'katyperry']",[],[],0,2,0,"['swishswish', 'nickibbmas']",[],https://twitter.com/theejeanpaul/status/865718633191931904,,,0,,NYC,,,,,,"{'user_id': '35787166', 'username': 'NICKIMINAJ'}",,,,
865718623670816769,865718623670816769,2017-05-19 18:59:38 Central Daylight Time,2017-05-19,18:59:38,-0500,2813594772,byamandaocasio,Amanda Ocasio Outlives Trump‚Äôs Blogüáµüá∑üò∑üåπ,"{'type': 'Point', 'coordinates': [40.759216, -73.9696318]}","#AchievementUnlocked : I ATE TWICE TODAY! (at @LycheeHouseNy in New York, NY) https://t.co/saaiakFXXv",en,['lycheehouseny'],['https://www.swarmapp.com/c/aQ1Rdl1lHQY'],[],0,0,1,['achievementunlocked'],[],https://twitter.com/byAmandaOcasio/status/865718623670816769,,,0,,NYC,,,,,,"{'user_id': None, 'username': None}",,,,
865718617261977600,865718617261977600,2017-05-19 18:59:37 Central Daylight Time,2017-05-19,18:59:37,-0500,128902528,djla_nyc,DJ LA,"{'type': 'Point', 'coordinates': [40.75771583, -73.96771878]}",djmistercee GOT THE INKWELL ON 12!!! iamboogieblack1 iamboogieblack1 @DJLA_NYC @thekingsofclubs‚Ä¶ https://t.co/W2pieQllU0,en,"['djla_nyc', 'thekingsofclubs']",['https://www.instagram.com/p/BUSxFoBgFmz/'],[],0,0,0,[],[],https://twitter.com/DJLA_NYC/status/865718617261977600,,,0,,NYC,,,,,,"{'user_id': None, 'username': None}",,,,
865718614959280128,865718614959280128,2017-05-19 18:59:36 Central Daylight Time,2017-05-19,18:59:36,-0500,26274219,bizbash,BizBash,"{'type': 'Point', 'coordinates': [40.72924577, -73.99223026]}",Cartier installed a Panthere watch bar to showcase its new timepiece for its weekend-long‚Ä¶ https://t.co/6o4netxKEO,en,[],['https://www.instagram.com/p/BUSxG-9ANbz/'],[],0,0,1,[],[],https://twitter.com/BizBash/status/865718614959280128,,,0,,NYC,,,,,,"{'user_id': None, 'username': None}",,,,
865718611784192000,865718611784192000,2017-05-19 18:59:35 Central Daylight Time,2017-05-19,18:59:35,-0500,2451041037,kiyanatezzel,kiyana üíé,,"dorney park tomorrow üòõü§ôüèΩ
#seniortrip",en,[],[],[],0,0,1,['seniortrip'],[],https://twitter.com/kiyanatezzel/status/865718611784192000,,,0,,NYC,,,,,,"{'user_id': None, 'username': None}",,,,
865718610764935168,865718610764935168,2017-05-19 18:59:35 Central Daylight Time,2017-05-19,18:59:35,-0500,49259806,stephenkrill,Stephen Krill,,üëå@leahehall84 @drummondcreek https://t.co/fNks8osD50,und,"['leahehall84', 'drummondcreek']",['https://twitter.com/promaxbda/status/865701432481075200'],[],1,0,3,[],[],https://twitter.com/stephenkrill/status/865718610764935168,,https://twitter.com/promaxbda/status/865701432481075200,0,,NYC,,,,,,"{'user_id': None, 'username': None}",,,,
865718605689884673,865717933061922816,2017-05-19 18:59:34 Central Daylight Time,2017-05-19,18:59:34,-0500,60815956,justhate,justhate,,@RobbieLumpkin Do it againnnn (so I can come),en,['robbielumpkin'],[],[],1,0,3,[],[],https://twitter.com/justhate/status/865718605689884673,,,0,,NYC,,,,,,"{'user_id': '544341674', 'username': 'RobbieLumpkin'}",,,,
865718589701193728,865718589701193728,2017-05-19 18:59:30 Central Daylight Time,2017-05-19,18:59:30,-0500,21101424,alisaq,Alisa Richter üá∫üá¶,"{'type': 'Point', 'coordinates': [40.75954, -73.977]}",My inner child is super stoked about rainbows on the floor üåà @ Swaroski https://t.co/slmdumYqbI,en,[],['https://www.instagram.com/p/BUSw1v9jjjP/'],[],0,0,0,[],[],https://twitter.com/AlisaQ/status/865718589701193728,,,0,,NYC,,,,,,"{'user_id': None, 'username': None}",,,,
865718588253945857,865718588253945857,2017-05-19 18:59:30 Central Daylight Time,2017-05-19,18:59:30,-0500,1059727285,katharsisravyn,‚ú® KRT ‚ú® ‚úø,"{'type': 'Point', 'coordinates': [40.77246141, -73.98312556]}",This is honestly a really good grad photo since I was laughing at something Darius said or‚Ä¶ https://t.co/OjWTWz84HF,en,[],['https://www.instagram.com/p/BUSxGIKBaqX/'],[],0,0,0,[],[],https://twitter.com/KatharsisRavyn/status/865718588253945857,,,0,,NYC,,,,,,"{'user_id': None, 'username': None}",,,,
865718581023174656,865718581023174656,2017-05-19 18:59:28 Central Daylight Time,2017-05-19,18:59:28,-0500,236495358,beckymotivates,Becky Curran Kekula,"{'type': 'Point', 'coordinates': [40.76220428, -74.00185992]}",Reunion with my favorite Kitty! @ North River Lobster Co https://t.co/aVLWJcKuEk,en,[],['https://www.instagram.com/p/BUSxFpxF-gr/'],[],0,0,0,[],[],https://twitter.com/BeckyMotivates/status/865718581023174656,,,0,,NYC,,,,,,"{'user_id': None, 'username': None}",,,,
865718568402522114,865718568402522114,2017-05-19 18:59:25 Central Daylight Time,2017-05-19,18:59:25,-0500,59604303,flaviabatistat,FLAVIABATISTA MANAGR,"{'type': 'Point', 'coordinates': [40.7142, -74.0064]}","Ser normal es muy aburrido!! üòÅ
#Living #girlsday #flaviabatista @ New York, New York https://t.co/RFVNrAHjyl",es,[],['https://www.instagram.com/p/BUSxFnBg8gj/'],[],0,0,0,"['living', 'girlsday', 'flaviabatista']",[],https://twitter.com/flaviabatistat/status/865718568402522114,,,0,,NYC,,,,,,"{'user_id': None, 'username': None}",,,,
865718567425200128,865718567425200128,2017-05-19 18:59:25 Central Daylight Time,2017-05-19,18:59:25,-0500,2356883356,thepellafellow,Rick,,@AndreaGrymesTV @Acacia_leibka $@JohnElliottTV a beautiful night in Jersey city. https://t.co/BCEb2nYbGY,en,"['andreagrymestv', 'acacia_leibka']",[],['https://pbs.twimg.com/media/DAOmcPVVwAAdFtr.jpg'],0,0,1,[],[],https://twitter.com/thepellafellow/status/865718567425200128,,,1,https://pbs.twimg.com/media/DAOmcPVVwAAdFtr.jpg,NYC,,,,,,"{'user_id': '363124620', 'username': 'AndreaGrymesTV'}",,,,
865718560982749184,865718560982749184,2017-05-19 18:59:23 Central Daylight Time,2017-05-19,18:59:23,-0500,531857542,torthetourguide,El Torrr,,Flex. ‚ú®üôèüèΩüôèüèΩüôèüèΩ https://t.co/jRRX2cJ7iL,no,[],['https://twitter.com/viajetjaguar/status/865717137792520192'],[],0,0,0,[],[],https://twitter.com/torthetourguide/status/865718560982749184,,0,0,,NYC,,,,,,"{'user_id': None, 'username': None}",,,,
865718557941870597,865718557941870597,2017-05-19 18:59:23 Central Daylight Time,2017-05-19,18:59:23,-0500,2839051893,isaacgrivett,ü§∑üèª‚Äç‚ôÇÔ∏è,"{'type': 'Point', 'coordinates': [40.75879, -73.9872199]}",üÜí @ Music Box Theatre https://t.co/66l7NXJfcO,en,[],['https://www.instagram.com/p/BUSxFJIFihe/'],[],0,0,0,[],[],https://twitter.com/isaacgrivett/status/865718557941870597,,,0,,NYC,,,,,,"{'user_id': None, 'username': None}",,,,
865718538832683008,865718538832683008,2017-05-19 18:59:18 Central Daylight Time,2017-05-19,18:59:18,-0500,601497254,kperkinsnyc,Kathleen Perkins,,At the time I had no idea https://t.co/fo0BIkYTHQ,en,[],['https://twitter.com/mikel_jollett/status/865662323645587459'],[],0,0,0,[],[],https://twitter.com/KPerkinsNYC/status/865718538832683008,,https://twitter.com/mikel_jollett/status/865662323645587459,0,,NYC,,,,,,"{'user_id': None, 'username': None}",,,,
865718535984750592,865718535984750592,2017-05-19 18:59:17 Central Daylight Time,2017-05-19,18:59:17,-0500,540115515,alliestam1209,Allie,,"Citi field is beautiful but nothing beats Yankee Stadium and it's fans....I'm sorrry, but Yankees are just the bomberssss",en,[],[],[],0,0,11,[],[],https://twitter.com/alliestam1209/status/865718535984750592,,,0,,NYC,,,,,,"{'user_id': None, 'username': None}",,,,
865718534952845312,865718534952845312,2017-05-19 18:59:17 Central Daylight Time,2017-05-19,18:59:17,-0500,560628037,owensbeeeee,AO,,OMG these #kimmyschmidt references are so freaking on point,en,[],[],[],0,0,0,['kimmyschmidt'],[],https://twitter.com/owensbeeeee/status/865718534952845312,,,0,,NYC,,,,,,"{'user_id': None, 'username': None}",,,,
865718525717073920,865718525717073920,2017-05-19 18:59:15 Central Daylight Time,2017-05-19,18:59:15,-0500,58117739,stevemomia,Steve O. Momia,"{'type': 'Point', 'coordinates': [40.77098808, -74.01624994]}",Holly sunset #nyc #sunset #weehawken #skyline @ Weehawken Skyline https://t.co/uexWp4a7sc,en,[],['https://www.instagram.com/p/BUSxET6DDxc/'],[],0,0,1,"['nyc', 'sunset', 'weehawken', 'skyline']",[],https://twitter.com/stevemomia/status/865718525717073920,,,0,,NYC,,,,,,"{'user_id': None, 'username': None}",,,,
865718522793668608,865718522793668608,2017-05-19 18:59:14 Central Daylight Time,2017-05-19,18:59:14,-0500,287868881,ainslieann,Ainslie Binder,,Is that the first time Mike has seen the ball? I forgot he was on the field üòÆ #RBNY,en,[],[],[],0,0,0,['rbny'],[],https://twitter.com/ainslieann/status/865718522793668608,,,0,,NYC,,,,,,"{'user_id': None, 'username': None}",,,,
865718491789365249,865718491789365249,2017-05-19 18:59:07 Central Daylight Time,2017-05-19,18:59:07,-0500,22954167,_losman_,sergiLOS tacchini,,"You can‚Äôt get mad if you sub tweet someone with their handle, sans the @ , and they end up on your TL.",en,[],[],[],0,0,0,[],[],https://twitter.com/_LosMan_/status/865718491789365249,,,0,,NYC,,,,,,"{'user_id': None, 'username': None}",,,,
865718489729961984,865718489729961984,2017-05-19 18:59:06 Central Daylight Time,2017-05-19,18:59:06,-0500,458146110,neo_gizmo,Neo Gizmo,,"""PTD atau collect call?"" https://t.co/ezTzLKHRUr",fr,[],['https://twitter.com/pichink/status/865717272622399488'],[],0,0,0,[],[],https://twitter.com/Neo_Gizmo/status/865718489729961984,,https://twitter.com/pichink/status/865717272622399488,0,,NYC,,,,,,"{'user_id': None, 'username': None}",,,,
865718472478785536,865718472478785536,2017-05-19 18:59:02 Central Daylight Time,2017-05-19,18:59:02,-0500,128329068,glorifiedtomato,The Tomato,"{'type': 'Point', 'coordinates': [40.58284218, -73.81788469]}",Chillin with the girls! #summernights #rockawaybeach @ Low Tide Bar https://t.co/ejAkHfi2J9,en,[],['https://www.instagram.com/p/BUSxCxng9ZV/'],[],0,0,0,"['summernights', 'rockawaybeach']",[],https://twitter.com/glorifiedtomato/status/865718472478785536,,,0,,NYC,,,,,,"{'user_id': None, 'username': None}",,,,
865718452929130496,865718452929130496,2017-05-19 18:58:58 Central Daylight Time,2017-05-19,18:58:58,-0500,1476281232,lyndseyalana,Lyndsey Havens,,Looks like @the_xx are recreating their album cover for the show at Forest Hills Stadium w/ a whole lot of warped mirrors framing the stage,en,['the_xx'],[],[],0,0,2,[],[],https://twitter.com/LyndseyAlana/status/865718452929130496,,,0,,NYC,,,,,,"{'user_id': None, 'username': None}",,,,
865718445215629312,865718445215629312,2017-05-19 18:58:56 Central Daylight Time,2017-05-19,18:58:56,-0500,28448213,wehoparty,WeHoParty (Jesse),"{'type': 'Point', 'coordinates': [40.76213415, -73.98278134]}",Love this city @ The Manhattan at Times Square Hotel https://t.co/4M2Je9tE3u,en,[],['https://www.instagram.com/p/BUSxCCdhjS_/'],[],0,0,0,[],[],https://twitter.com/WeHoParty/status/865718445215629312,,,0,,NYC,,,,,,"{'user_id': None, 'username': None}",,,,
865718444993507328,865716796506222592,2017-05-19 18:58:56 Central Daylight Time,2017-05-19,18:58:56,-0500,221561446,fashion_indigo,ü¶ãüáπüáπ,,@Simply_Kye_15 me too üò© I'm so happy,en,['simply_kye_15'],[],[],1,0,0,[],[],https://twitter.com/fashion_indigo/status/865718444993507328,,,0,,NYC,,,,,,"{'user_id': '291437368', 'username': 'Simply_Kye_15'}",,,,
865718443621920768,865718443621920768,2017-05-19 18:58:55 Central Daylight Time,2017-05-19,18:58:55,-0500,2253015146,kush_jones_,Innit,,"Juke Bounce Werk is...
Noir
Jae Drago
Sonic D
Neuropunk
The Heights (Los &amp; Scatta)
DMY
Compton 
Surly
Nanashi
Swisha
Kush Jones",en,[],[],[],1,14,47,[],[],https://twitter.com/kush_jones_/status/865718443621920768,,,0,,NYC,,,,,,"{'user_id': None, 'username': None}",,,,
865718443437412352,865718443437412352,2017-05-19 18:58:55 Central Daylight Time,2017-05-19,18:58:55,-0500,111941241,total_freedom_,üá∫üá∏FREEDOMüá®üá¶,,I kinda wanna do @GHE20G0TH1K Newark - or like Allentown,en,[],[],[],4,3,29,[],[],https://twitter.com/TOTAL_FREEDOM_/status/865718443437412352,,,0,,NYC,,,,,,"{'user_id': None, 'username': None}",,,,
865718441189265410,865718441189265410,2017-05-19 18:58:55 Central Daylight Time,2017-05-19,18:58:55,-0500,339694170,btkskeptic,Pod of the Day,,Exactly https://t.co/gy3pmbJnOf,en,[],['https://twitter.com/amandacarpenter/status/865654251955003393'],[],0,0,0,[],[],https://twitter.com/btkskeptic/status/865718441189265410,,0,0,,NYC,,,,,,"{'user_id': None, 'username': None}",,,,
865718439536717824,865718439536717824,2017-05-19 18:58:54 Central Daylight Time,2017-05-19,18:58:54,-0500,2569366073,phenomenal_rosa,Rose,,My daughter be saying some random dumb ish sometimes ü§¶üòÇüòÇ,en,[],[],[],0,0,0,[],[],https://twitter.com/Phenomenal_Rosa/status/865718439536717824,,,0,,NYC,,,,,,"{'user_id': None, 'username': None}",,,,
865718439280816129,865708032390516737,2017-05-19 18:58:54 Central Daylight Time,2017-05-19,18:58:54,-0500,804480175652147200,terescavs,Buboü¶âda droid - NYC üá®üá¶üá∫üá¶üá∫üá∏,,@AnthonyVVeiner @trish_regan This is so trashy ...get a life sicko's,en,"['anthonyvveiner', 'trish_regan']",[],[],0,0,0,[],[],https://twitter.com/terescavs/status/865718439280816129,,,0,,NYC,,,,,,"{'user_id': '766670335613603840', 'username': 'AnthonyVVeiner'}",,,,
865718420972634117,865718420972634117,2017-05-19 18:58:50 Central Daylight Time,2017-05-19,18:58:50,-0500,298602588,free_media_hub,Free Syria Media Hub,,different Geo for each computer and we have a lot at the doughnut üòâ,en,[],[],[],0,1,1,[],[],https://twitter.com/Free_Media_Hub/status/865718420972634117,,,0,,NYC,,,,,,"{'user_id': None, 'username': None}",,,,
865718420918202368,865718420918202368,2017-05-19 18:58:50 Central Daylight Time,2017-05-19,18:58:50,-0500,438752328,skjaco_,steph,,smart boys with good grades that have a plan for their future are attractive as hell,en,[],[],[],1,0,4,[],[],https://twitter.com/skjaco_/status/865718420918202368,,,0,,NYC,,,,,,"{'user_id': None, 'username': None}",,,,
865718408805064704,865718408805064704,2017-05-19 18:58:47 Central Daylight Time,2017-05-19,18:58:47,-0500,1496107754,daddyloves_sosa,Sosa ‚ú®,,Id Like To Skip June &amp; Go Straight To July But Ima Chill üò¨,en,[],[],[],0,1,0,[],[],https://twitter.com/DaddyLoves_Sosa/status/865718408805064704,,,0,,NYC,,,,,,"{'user_id': None, 'username': None}",,,,
865718406368178176,865714484794490880,2017-05-19 18:58:47 Central Daylight Time,2017-05-19,18:58:47,-0500,3135742528,cesargaleano129,Cesar Galeano,,"@Lachals3 El gran nino bravo, que vos m√°s bella ten√≠a 
Muri√≥ joven 33 a√±itos, pero nos dej√≥ algo inigualable, el valenciano",es,['lachals3'],[],[],1,1,1,[],[],https://twitter.com/cesargaleano129/status/865718406368178176,,,0,,NYC,,,,,,"{'user_id': '4366608989', 'username': 'Lachals3'}",,,,
865718401112690688,865718401112690688,2017-05-19 18:58:45 Central Daylight Time,2017-05-19,18:58:45,-0500,2380720861,lynn_valenti,lynn valenti,,"Acclaimed Chef, New Rochelle Grab Spotlight On 'Undercover Boss' TV Show https://t.co/HM1ZzHzXUb",en,[],['http://newrochelle.dailyvoice.com/lifestyle/acclaimed-chef-new-rochelle-grab-spotlight-on-undercover-boss-tv-show/711230/#.WR-Goo-lHB4.twitter#ilovwhreilve'],[],0,0,0,[],[],https://twitter.com/lynn_valenti/status/865718401112690688,,,0,,NYC,,,,,,"{'user_id': None, 'username': None}",,,,
865718399481131009,865718399481131009,2017-05-19 18:58:45 Central Daylight Time,2017-05-19,18:58:45,-0500,509211818,maxkoykas,max theodore koykas,,@LiliannVizcaino happy bday buddy. I hope you have an awesome bday,en,[],[],[],0,0,0,[],[],https://twitter.com/MaxKoykas/status/865718399481131009,,,0,,NYC,,,,,,"{'user_id': None, 'username': None}",,,,
865718379713355776,865718379713355776,2017-05-19 18:58:40 Central Daylight Time,2017-05-19,18:58:40,-0500,285889330,leonardanyc,Leonarda,"{'type': 'Point', 'coordinates': [40.76052277, -73.98581207]}",Just posted a photo @ Am√©lie On Broadway https://t.co/S2yHg18pvN,en,[],['https://www.instagram.com/p/BUSw_9vlrcG/'],[],0,0,0,[],[],https://twitter.com/LeonardaNYC/status/865718379713355776,,,0,,NYC,,,,,,"{'user_id': None, 'username': None}",,,,
865718376848650240,865718376848650240,2017-05-19 18:58:39 Central Daylight Time,2017-05-19,18:58:39,-0500,1568858138,monasalama_,Mona Salama,,#AnthonyWeiner is scheduled to be sentenced on September 8 in Federal District Court in Manhattan,en,[],[],[],2,2,6,['anthonyweiner'],[],https://twitter.com/MonaSalama_/status/865718376848650240,,,0,,NYC,,,,,,"{'user_id': None, 'username': None}",,,,
865718369751793664,865361737528299520,2017-05-19 18:58:38 Central Daylight Time,2017-05-19,18:58:38,-0500,20601895,dd10023,Wasserman,,@NewsHour @benjaminwittes @WmBrangham https://t.co/GrRiX6kFfW,und,"['newshour', 'benjaminwittes', 'wmbrangham']",['http://www.bing.com/videos/search?q=youtube.com%2fTheGovernment+investigates&view=detail&mid=F4AA42E57BB00C9FEF64F4AA42E57BB00C9FEF64&FORM=VIRE'],[],1,0,0,[],[],https://twitter.com/dd10023/status/865718369751793664,,,0,,NYC,,,,,,"{'user_id': '14437914', 'username': 'NewsHour'}",,,,
865718368564805635,865718368564805635,2017-05-19 18:58:37 Central Daylight Time,2017-05-19,18:58:37,-0500,718396879466323968,inwoodbg,Inwood Bar & Grill,"{'type': 'Point', 'coordinates': [40.8671, -73.92242]}",Ya el verano llego!!! Ven para EL PATIO  sin pagar pasaje jajajja  te espero... @ Inwood Bar and‚Ä¶ https://t.co/7jB8lspBAE,es,[],['https://www.instagram.com/p/BUSw8h4FDkA/'],[],0,0,0,[],[],https://twitter.com/inwoodbg/status/865718368564805635,,,0,,NYC,,,,,,"{'user_id': None, 'username': None}",,,,
865718349921177602,865718349921177602,2017-05-19 18:58:33 Central Daylight Time,2017-05-19,18:58:33,-0500,471392888,joepopovichjr,Joe Popovich Jr.,,"If you arrive to a baseball game during the 3rd inning, you don't deserve to get a seat. Get out.",en,[],[],[],0,1,5,[],[],https://twitter.com/JoePopovichJr/status/865718349921177602,,,0,,NYC,,,,,,"{'user_id': None, 'username': None}",,,,
865718343399088128,865718343399088128,2017-05-19 18:58:31 Central Daylight Time,2017-05-19,18:58:31,-0500,46560708,damnitpreme,Ÿã,,In need to get her pregnant and stop playing around.,en,[],[],[],0,0,0,[],[],https://twitter.com/DamnitPreme/status/865718343399088128,,,0,,NYC,,,,,,"{'user_id': None, 'username': None}",,,,
865718342799290368,865718342799290368,2017-05-19 18:58:31 Central Daylight Time,2017-05-19,18:58:31,-0500,49850422,kimmy71079,Kimmy Brandon,"{'type': 'Point', 'coordinates': [40.75900107, -73.98670793]}","Celebrating our #Engagement with #Hamilton
First #DateNight with my #Fianc√©!‚Ä¶ https://t.co/CE5gcaFkl9",en,[],['https://www.instagram.com/p/BUSw_EFA2Bq/'],[],1,0,1,"['engagement', 'hamilton', 'datenight', 'fianc√©']",[],https://twitter.com/kimmy71079/status/865718342799290368,,,0,,NYC,,,,,,"{'user_id': None, 'username': None}",,,,
865718338558861312,865718338558861312,2017-05-19 18:58:30 Central Daylight Time,2017-05-19,18:58:30,-0500,46048491,tgo2g0,Juan Martinez,"{'type': 'Point', 'coordinates': [40.867672, -73.921165]}",#facts @ Inwood‚Äì207th Street https://t.co/B7geWayqDL,en,[],['https://www.instagram.com/p/BUSw-9mDQlA/'],[],0,0,0,['facts'],[],https://twitter.com/tGo2g0/status/865718338558861312,,,0,,NYC,,,,,,"{'user_id': None, 'username': None}",,,,
865718322092003329,865718322092003329,2017-05-19 18:58:26 Central Daylight Time,2017-05-19,18:58:26,-0500,89460093,nishantjindal,Nishant Jindal,,"Miami, we're coming for you. #AdultSpringBreak #Miami #GTL",en,[],[],[],0,0,3,"['adultspringbreak', 'miami', 'gtl']",[],https://twitter.com/nishantjindal/status/865718322092003329,,,0,,NYC,,,,,,"{'user_id': None, 'username': None}",,,,
865718317893419008,865718317893419008,2017-05-19 18:58:25 Central Daylight Time,2017-05-19,18:58:25,-0500,1243727863,theejeanpaul,JEAN PAUL,,Lets get this to 1000 RTs! Its about to hit 800 RTs ! #NickiBBMAs https://t.co/riIXQQjOeA,en,[],['https://twitter.com/lookinassniggx/status/865424718458834944'],[],1,1,0,['nickibbmas'],[],https://twitter.com/theejeanpaul/status/865718317893419008,,https://twitter.com/lookinassniggx/status/865424718458834944,0,,NYC,,,,,,"{'user_id': None, 'username': None}",,,,
865718311891460096,865718311891460096,2017-05-19 18:58:24 Central Daylight Time,2017-05-19,18:58:24,-0500,16414337,mamaglamazon,Tara Marie,,Cooked bae some dinner ü§ó https://t.co/RTpJ3Z2H0G,en,[],[],['https://pbs.twimg.com/media/DAOmNh9UwAIoipw.jpg'],3,0,8,[],[],https://twitter.com/MamaGlamazon/status/865718311891460096,,,1,https://pbs.twimg.com/media/DAOmNh9UwAIoipw.jpg,NYC,,,,,,"{'user_id': None, 'username': None}",,,,
865718285618302978,865718285618302978,2017-05-19 18:58:18 Central Daylight Time,2017-05-19,18:58:18,-0500,62950152,salvester001,SallySue #RepBX ‚öæÔ∏è,,ü§îü§îü§î https://t.co/kgzEypospI,und,[],[],['https://pbs.twimg.com/media/DAOmMFPXYAA8WsA.jpg'],1,0,0,[],[],https://twitter.com/Salvester001/status/865718285618302978,,,1,https://pbs.twimg.com/media/DAOmMFPXYAA8WsA.jpg,NYC,,,,,,"{'user_id': None, 'username': None}",,,,
865718279670726656,865718279670726656,2017-05-19 18:58:16 Central Daylight Time,2017-05-19,18:58:16,-0500,27087814,eglaskin,Eric Glaskin,,Show #10of13 for #MomsThirdAnnualBroadwayBirthdayTrip is @BandstandBway https://t.co/AjhItZvwvW,en,['bandstandbway'],[],['https://pbs.twimg.com/media/DAOmIRGUQAAgQOT.jpg'],1,0,7,"['10of13', 'momsthirdannualbroadwaybirthdaytrip']",[],https://twitter.com/EGlaskin/status/865718279670726656,,,1,https://pbs.twimg.com/media/DAOmIRGUQAAgQOT.jpg,NYC,,,,,,"{'user_id': None, 'username': None}",,,,
865718279502999552,865718279502999552,2017-05-19 18:58:16 Central Daylight Time,2017-05-19,18:58:16,-0500,168679139,lousosa54,LJS,"{'type': 'Point', 'coordinates': [40.721, -74.0447]}","Decent - Drinking  The Tighter You Squeeze, the Less You Have IPA by @EvilTwinBrewing at @barcadejersey  ‚Äî https://t.co/0gZLVUFhtH",en,"['eviltwinbrewing', 'barcadejersey']",['http://untp.beer/s/c454176854'],[],0,0,0,[],[],https://twitter.com/LouSosa54/status/865718279502999552,,,0,,NYC,,,,,,"{'user_id': None, 'username': None}",,,,
865718275463946240,865717495772180480,2017-05-19 18:58:15 Central Daylight Time,2017-05-19,18:58:15,-0500,115603919,minimadden,Minimadden,,@joeunis6162 Spicey admitted The NY Times story was correct... https://t.co/drS7wFMoCT,en,['joeunis6162'],[],['https://pbs.twimg.com/media/DAOmLX6VoAEk8oT.jpg'],0,0,0,[],[],https://twitter.com/Minimadden/status/865718275463946240,,,1,https://pbs.twimg.com/media/DAOmLX6VoAEk8oT.jpg,NYC,,,,,,"{'user_id': '361030851', 'username': 'joeunis6162'}",,,,
865718274830602240,865718274830602240,2017-05-19 18:58:15 Central Daylight Time,2017-05-19,18:58:15,-0500,575004610,ignaci0x95,ignacioo,,Remember I ain't got shit to lose,en,[],[],[],0,0,0,[],[],https://twitter.com/Ignaci0x95/status/865718274830602240,,,0,,NYC,,,,,,"{'user_id': None, 'username': None}",,,,
865718254840446982,865666536362582017,2017-05-19 18:58:10 Central Daylight Time,2017-05-19,18:58:10,-0500,434670288,paddygilgersj,"Paddy Gilger, SJ",,Update: people keep emailing me. Now in the high thirties. Considering changing my email address and/or throwing my computer out the window.,en,[],[],[],0,0,5,[],[],https://twitter.com/paddygilgersj/status/865718254840446982,,,0,,NYC,,,,,,"{'user_id': '434670288', 'username': 'paddygilgersj'}",,,,
865718250088402944,865718250088402944,2017-05-19 18:58:09 Central Daylight Time,2017-05-19,18:58:09,-0500,3833772940,aacristiwrites,A.A. Cristi,,#Fanastasias. Adorable.,es,[],[],[],0,0,0,['fanastasias'],[],https://twitter.com/AACristiWrites/status/865718250088402944,,,0,,NYC,,,,,,"{'user_id': None, 'username': None}",,,,
865718249954185216,865718249954185216,2017-05-19 18:58:09 Central Daylight Time,2017-05-19,18:58:09,-0500,209181514,marcelabdul56,Georgia O‚ÄôQueef,"{'type': 'Point', 'coordinates': [40.88988447, -73.90082104]}",Congrats to my incredible sister for graduating! #family #graduation #nyc #bronx #siblings‚Ä¶ https://t.co/8FPk6cjyJl,en,[],['https://www.instagram.com/p/BUSw8IiD3P8/'],[],0,0,0,"['family', 'graduation', 'nyc', 'bronx', 'siblings']",[],https://twitter.com/marcelabdul56/status/865718249954185216,,,0,,NYC,,,,,,"{'user_id': None, 'username': None}",,,,
865718248230223872,865718248230223872,2017-05-19 18:58:09 Central Daylight Time,2017-05-19,18:58:09,-0500,74395892,josephjgm,Joseph Martinez,,This view is from one of the Statue Cruises ferries while headed to Liberty Island. I will‚Ä¶ https://t.co/b0WAd32mUL,en,[],['https://www.instagram.com/p/BUSw8BBlI2c/'],[],0,1,0,[],[],https://twitter.com/josephjgm/status/865718248230223872,,,0,,NYC,,,,,,"{'user_id': None, 'username': None}",,,,
865718247869599744,865718247869599744,2017-05-19 18:58:09 Central Daylight Time,2017-05-19,18:58:09,-0500,32811855,mattcalamia,Matt Calamia,,"Obviously didn't watch a lot of Windsor this season, but interesting Day playing the right side. #NYR",en,[],[],[],0,0,2,['nyr'],[],https://twitter.com/MattCalamia/status/865718247869599744,,,0,,NYC,,,,,,"{'user_id': None, 'username': None}",,,,
865718244698619906,865718244698619906,2017-05-19 18:58:08 Central Daylight Time,2017-05-19,18:58:08,-0500,21126585,arirussell,Ari Russell,"{'type': 'Point', 'coordinates': [40.76916667, -73.96555556]}",Sunset Cityscape @ Upper East Side https://t.co/9WjEXZb6aP,en,[],['https://www.instagram.com/p/BUSw8KljI-d1RLHYMP8GHk7H_J5en4GbMeHTIU0/'],[],0,0,0,[],[],https://twitter.com/AriRussell/status/865718244698619906,,,0,,NYC,,,,,,"{'user_id': None, 'username': None}",,,,
865718240986763264,865718240986763264,2017-05-19 18:58:07 Central Daylight Time,2017-05-19,18:58:07,-0500,753987607105835009,avaeats,#avaeats,,tomorrow night's dinner will be in miami! i love my job's event season! #avaeats,en,[],[],[],0,0,0,['avaeats'],[],https://twitter.com/avaeats/status/865718240986763264,,,0,,NYC,,,,,,"{'user_id': None, 'username': None}",,,,
865718232241582081,865717808075812864,2017-05-19 18:58:05 Central Daylight Time,2017-05-19,18:58:05,-0500,2860101,serena,@Serena,,@Delta 2) 3.5 hours later people start getting notices on their phone that their @delta plane seats have changed. https://t.co/4pJroK5Ytk,en,"['delta', 'delta']",[],['https://pbs.twimg.com/tweet_video_thumb/DAOmI_XWAAAGZKo.jpg'],1,0,0,[],[],https://twitter.com/Serena/status/865718232241582081,,,1,https://pbs.twimg.com/tweet_video_thumb/DAOmI_XWAAAGZKo.jpg,NYC,,,,,,"{'user_id': '2860101', 'username': 'Serena'}",,,,
865718231784448000,865718231784448000,2017-05-19 18:58:05 Central Daylight Time,2017-05-19,18:58:05,-0500,1671923178,themoon112,LaLuna,,Melee w/ the guy that introduced me to Melee. If it wasn't for him you guys would've never gotten the moon. https://t.co/fZccTgiF2I,en,[],['http://twitch.tv/themoon112'],[],1,4,31,[],[],https://twitter.com/TheMoon112/status/865718231784448000,,,0,,NYC,,,,,,"{'user_id': None, 'username': None}",,,,
865718225543233536,865718225543233536,2017-05-19 18:58:03 Central Daylight Time,2017-05-19,18:58:03,-0500,400933412,ernestholmes13,Ernie D,,We're really about to see @HamiltonMusical @Lin_Manuel right now !! @agmonds,en,"['hamiltonmusical', 'lin_manuel', 'agmonds']",[],[],1,1,6,[],[],https://twitter.com/ErnestHolmes13/status/865718225543233536,,,0,,NYC,,,,,,"{'user_id': None, 'username': None}",,,,
865718225467822080,865718225467822080,2017-05-19 18:58:03 Central Daylight Time,2017-05-19,18:58:03,-0500,63177648,damonscanvas,Damon's Canvas,"{'type': 'Point', 'coordinates': [40.7997286, -73.9678537]}",The face we all make when eating @benandjerrys on a hot spring day. @ Ben &amp; Jerry's https://t.co/gSNY5OCQeb,en,['benandjerrys'],['https://www.instagram.com/p/BUSw7eYDGR6/'],[],0,0,0,[],[],https://twitter.com/Damonscanvas/status/865718225467822080,,,0,,NYC,,,,,,"{'user_id': None, 'username': None}",,,,
865718224679251969,865718224679251969,2017-05-19 18:58:03 Central Daylight Time,2017-05-19,18:58:03,-0500,75911161,bapegorillax,ChristopherPaul‚ùå,,They workin üí™üèæüí™üèæüíØ https://t.co/2e6fsqPZGn,en,[],['https://twitter.com/complexmusic/status/865599014124781569'],[],0,0,0,[],[],https://twitter.com/bapegorillax/status/865718224679251969,,https://twitter.com/complexmusic/status/865599014124781569,0,,NYC,,,,,,"{'user_id': None, 'username': None}",,,,
865718220057194499,865718220057194499,2017-05-19 18:58:02 Central Daylight Time,2017-05-19,18:58:02,-0500,2201161036,nino_trillz,DarkZulu ‚Ñ¢,,All Summer 17 üî•üî•üî•üòÇ https://t.co/CuqnoMDNuz,en,[],[],[],0,0,0,[],[],https://twitter.com/nino_trillz/status/865718220057194499,,,1,https://pbs.twimg.com/ext_tw_video_thumb/865717420249448448/pu/img/1Jg5UDxtu5-hud0h.jpg,NYC,,,,,,"{'user_id': None, 'username': None}",,,,
865718205880336385,865718205880336385,2017-05-19 18:57:59 Central Daylight Time,2017-05-19,18:57:59,-0500,4262654957,verosoze,Vero Soze,,"I need money to buy properties, ima early draft pick lotteries, hard to find qualities , while duckin authorities",en,[],[],[],0,0,0,[],[],https://twitter.com/verosoze/status/865718205880336385,,,0,,NYC,,,,,,"{'user_id': None, 'username': None}",,,,
865718199270207488,865708032390516737,2017-05-19 18:57:57 Central Daylight Time,2017-05-19,18:57:57,-0500,804480175652147200,terescavs,Buboü¶âda droid - NYC üá®üá¶üá∫üá¶üá∫üá∏,,@trish_regan Wow do you guys have the genes or what ...Gorgeous,en,['trish_regan'],[],[],0,0,0,[],[],https://twitter.com/terescavs/status/865718199270207488,,,0,,NYC,,,,,,"{'user_id': '138182116', 'username': 'trish_regan'}",,,,
865718195750977536,865718195750977536,2017-05-19 18:57:56 Central Daylight Time,2017-05-19,18:57:56,-0500,480064823,njdivorce,"Artusa Law Firm, P.C","{'type': 'Point', 'coordinates': [40.6897966, -74.072798]}",#artusalawfirm Aisha Tyler to pay ex $2 million in divorce - Page Six https://t.co/RXw5PvfNly #njdivorcelawyers https://t.co/kCd8u6lpUU,en,[],['http://dlvr.it/PBXxJJ'],['https://pbs.twimg.com/media/DAOmHDWUMAEHpPT.jpg'],0,0,0,"['artusalawfirm', 'njdivorcelawyers']",[],https://twitter.com/NJdivorce/status/865718195750977536,,,1,https://pbs.twimg.com/media/DAOmHDWUMAEHpPT.jpg,NYC,,,,,,"{'user_id': None, 'username': None}",,,,
865718194182516736,865718194182516736,2017-05-19 18:57:56 Central Daylight Time,2017-05-19,18:57:56,-0500,24940128,andrerivera801,Andre C. Rivera,"{'type': 'Point', 'coordinates': [40.82288675, -73.87063265]}",Trying to beat the rain !!!! @ Story Ave Bronx N.Y https://t.co/peZPexvtb7,en,[],['https://www.instagram.com/p/BUSw6bxlNgbv4aAx7dy7vSl24nZnZSH0TjqmyY0/'],[],0,0,0,[],[],https://twitter.com/andrerivera801/status/865718194182516736,,,0,,NYC,,,,,,"{'user_id': None, 'username': None}",,,,
865718193045766144,865718193045766144,2017-05-19 18:57:56 Central Daylight Time,2017-05-19,18:57:56,-0500,18003520,starfishncoffee,Your Friendly Neighborhood Spinster,,This is a big old mess. https://t.co/dSvvesB2hy,en,[],['https://twitter.com/hernandezjavier/status/865702785144078336'],[],0,0,0,[],[],https://twitter.com/starfishncoffee/status/865718193045766144,,https://twitter.com/hernandezjavier/status/865702785144078336,0,,NYC,,,,,,"{'user_id': None, 'username': None}",,,,
865718185303175168,865641411999178752,2017-05-19 18:57:54 Central Daylight Time,2017-05-19,18:57:54,-0500,1046368656,cmc4206969,tone,,@katiewernerxo The ultimate white girl combo.,en,[],[],[],0,0,1,[],[],https://twitter.com/cmc4206969/status/865718185303175168,,,0,,NYC,,,,,,"{'user_id': None, 'username': None}",,,,
